2013 Juvenile Red King Crab Ocean Acidification/Temperature Carapace Morphometric Measurements,,,,,,,,,,,
,,,,,,,,,,,
Date of molt or dead,"Treatment (pH, temp C)",Treatment pH,Treatment temp C,Insert #,Event,Carapace Width (mm),Carapace Length (mm),Rostrum Base Width (mm),Orbital Spine Width (mm),1st Spine Length (mm),Comments
2012-08-06 00:00:00,"7.8 , Ambient +2",7.8,Ambient +2,2,1st molt,2.80893,3.241293,0.9426658,1.538234,0.4096451,
2012-08-07 00:00:00,"7.8, Ambient",7.8,Ambient ,8,1st molt,2.938701,3.338186,0.9931614,1.544402,0.4122659,
2012-08-15 00:00:00,"7.8, Ambient ",7.8,Ambient ,1,1st molt,2.860911,3.256956,1.020829,1.61109,0.4001567,
2012-09-20 00:00:00,"7.8, Ambient ",7.8,Ambient ,1,2nd molt,3.2752,,1.049918,1.745411,0.5214711,
2012-11-11 00:00:00,"7.8, Ambient ",7.8,Ambient ,1,3rd molt,3.520362,4.124726,1.210559,1.878467,0.4581751,
2012-11-11 00:00:00,"7.8, Ambient ",7.8,Ambient ,1,3rd molt,3.534177,4.148163,1.182388,1.905711,0.4730492,
2013-02-04 00:00:00,"7.8, Ambient ",7.8,Ambient ,1,End,3.278422,4.057691,0.9573438,1.812701,0.4761554,
2012-10-03 00:00:00,"7.8, Ambient ",7.8,Ambient ,2,2nd molt,3.072591,3.570589,0.9282433,1.685863,0.4826098,
2012-08-28 00:00:00,"7.8, Ambient ",7.8,Ambient ,3,1st molt,2.498722,2.788766,0.8625706,1.444483,0.3735079,
2012-10-22 00:00:00,"7.8, Ambient ",7.8,Ambient ,3,dead,2.725746,,0.9456801,1.520869,0.4362509,
2012-08-11 00:00:00,"7.8, Ambient ",7.8,Ambient ,4,1st molt,2.848884,3.221214,0.8766638,1.61076,0.4129921,
2012-09-14 00:00:00,"7.8, Ambient ",7.8,Ambient ,4,2nd molt,3.443082,3.983345,0.9372266,1.830628,0.4816163,
2012-11-23 00:00:00,"7.8, Ambient ",7.8,Ambient ,4,3rd molt,3.54059,4.274978,1.115544,1.92499,0.5555956,
2013-02-04 00:00:00,"7.8, Ambient ",7.8,Ambient ,4,End,3.508216,4.391725,1.106472,1.926638,0.5404975,
2012-08-09 00:00:00,"7.8, Ambient ",7.8,Ambient ,5,1st molt,2.927377,3.323253,0.9257993,1.577132,0.417297,
2012-09-16 00:00:00,"7.8, Ambient ",7.8,Ambient ,5,2nd molt,3.50533,4.086304,1.032153,1.752556,0.5145166,
2012-08-11 00:00:00,"7.8, Ambient ",7.8,Ambient ,6,1st molt,2.595575,2.923978,0.8354963,1.424668,0.4481191,
2012-09-13 00:00:00,"7.8, Ambient ",7.8,Ambient ,6,2nd molt,3.274228,3.727996,1.03799,1.693532,0.5033179,
2012-11-17 00:00:00,"7.8, Ambient ",7.8,Ambient ,6,3rd molt,3.341104,3.871207,1.072227,1.754107,0.5269619,
2012-11-17 00:00:00,"7.8, Ambient ",7.8,Ambient ,6,3rd molt,3.331958,3.878135,1.078602,1.760754,0.5264328,
2013-01-27 00:00:00,"7.8, Ambient ",7.8,Ambient ,6,4th molt,3.497655,4.033128,1.097196,1.753554,0.5199476,
2013-01-27 00:00:00,"7.8, Ambient ",7.8,Ambient ,6,4th molt,3.482397,4.032391,1.116627,1.772823,0.5264085,
2013-02-04 00:00:00,"7.8, Ambient ",7.8,Ambient ,6,End,4.000421,4.530517,1.028113,1.900097,0.5664799,
2012-10-11 00:00:00,"7.8, Ambient ",7.8,Ambient ,7,2nd molt,3.187047,3.58737,1.060104,1.590082,0.5112611,
2013-01-26 00:00:00,"7.8, Ambient ",7.8,Ambient ,7,3rd molt,3.255956,3.742484,0.9987756,1.601718,0.4879055,
2013-01-26 00:00:00,"7.8, Ambient ",7.8,Ambient ,7,3rd molt,3.252191,3.748127,1.038412,1.594626,0.4751138,
2013-02-04 00:00:00,"7.8, Ambient ",7.8,Ambient ,7,End,3.642711,4.199846,1.061376,1.741442,0.5238524,
2012-09-07 00:00:00,"7.8, Ambient ",7.8,Ambient ,8,2nd molt,3.782416,4.245175,1.100761,1.804423,0.4947528,
2012-11-11 00:00:00,"7.8, Ambient ",7.8,Ambient ,8,3rd molt,4.036907,4.682226,1.211618,2.039432,0.5239682,
2012-11-11 00:00:00,"7.8, Ambient ",7.8,Ambient ,8,3rd molt,4.000689,4.657177,1.123071,2.078191,0.5416502,
2013-02-04 00:00:00,"7.8, Ambient ",7.8,Ambient ,8,End,,4.471885,1.121059,1.907482,0.5073682,"no CW, carapace deformed"
2012-08-16 00:00:00,"7.8, Ambient ",7.8,Ambient ,9,1st molt,2.977501,3.34559,1.008598,1.683373,0.4240216,
2012-09-25 00:00:00,"7.8, Ambient ",7.8,Ambient ,9,2nd molt,3.476245,3.954067,1.095258,1.78932,0.5248679,
2012-10-04 00:00:00,"7.8, Ambient ",7.8,Ambient ,9,dead,3.556881,,,,,"no CL, RW, OW or SL, broken"
2012-08-18 00:00:00,"7.8, Ambient ",7.8,Ambient ,10,1st molt,2.636496,"2.972134
",0.8833928,1.488617,0.3856577,
2012-09-29 00:00:00,"7.8, Ambient ",7.8,Ambient ,10,2nd molt,2.976466,3.504415,0.9768173,1.658819,0.4848454,
2012-10-24 00:00:00,"7.8, Ambient ",7.8,Ambient ,10,dead,,3.846685,,1.596559,0.4806764,"no CW or RW, broken carapace"
2012-10-07 00:00:00,"7.8, Ambient ",7.8,Ambient ,11,2nd molt,3.138813,3.659676,1.087635,1.72781,0.4818741,
2012-10-15 00:00:00,"7.8, Ambient ",7.8,Ambient ,11,dead,,,,,0.4269016,full molt picture
2012-08-20 00:00:00,"7.8, Ambient ",7.8,Ambient ,12,1st molt,2.824494,3.13644,0.848642,1.593633,0.412922,
2012-10-18 00:00:00,"7.8, Ambient ",7.8,Ambient ,12,dead,3.366764,3.786309,0.9719819,1.756298,0.4114158,
2012-08-26 00:00:00,"7.8, Ambient ",7.8,Ambient ,13,1st molt,2.62703,2.9658,0.9244294,1.463479,0.4371534,
2012-08-17 00:00:00,"7.8, Ambient ",7.8,Ambient ,14,1st molt,2.538894,2.974347,0.8625252,1.446883,0.3996436,
2012-09-28 00:00:00,"7.8, Ambient ",7.8,Ambient ,14,2nd molt,2.999423,3.420384,0.9018932,1.626223,0.4837462,
2012-10-14 00:00:00,"7.8, Ambient ",7.8,Ambient ,14,dead,3.231777,3.754836,0.9514782,1.756852,0.4384234,
2012-08-18 00:00:00,"7.8, Ambient ",7.8,Ambient ,15,1st molt,2.706549,3.097978,0.8834202,1.509435,0.414209,
2012-09-25 00:00:00,"7.8, Ambient ",7.8,Ambient ,15,2nd molt,3.278215,3.790724,1.053877,1.769911,0.484086,
2013-02-04 00:00:00,"7.8, Ambient ",7.8,Ambient ,15,End,3.299815,3.934198,1.038663,1.729042,0.5118719,
2012-08-30 00:00:00,"7.8, Ambient ",7.8,Ambient ,16,1st molt,2.440264,2.868639,0.825062,1.455786,0.415303,
2012-10-17 00:00:00,"7.8, Ambient ",7.8,Ambient ,16,2nd molt,2.8679230000000002,3.325253,0.8582569,1.578065,0.4234144,
2012-10-27 00:00:00,"7.8, Ambient ",7.8,Ambient ,16,dead,,3.459324,0.9325212,1.565651,0.405187,
2012-10-22 00:00:00,"7.8, Ambient ",7.8,Ambient ,17,2nd molt,3.191297,3.764532,1.03411,1.780601,0.4800138,
2012-11-04 00:00:00,"7.8, Ambient ",7.8,Ambient ,17,dead,,3.755618,0.9310138,1.761306,0.3321819,"no CW, debris on carapace"
2012-08-20 00:00:00,"7.8, Ambient ",7.8,Ambient ,18,1st molt,2.706549,3.02141,0.8560217,1.559367,0.4082674,
2012-10-09 00:00:00,"7.8, Ambient ",7.8,Ambient ,18,2nd molt,3.290291,3.647512,1.005043,1.666434,0.438045,
2013-01-26 00:00:00,"7.8, Ambient ",7.8,Ambient ,18,3rd molt,3.200438,3.662966,,1.676486,0.4653544,"no RW, debris on carapace"
2013-01-26 00:00:00,"7.8, Ambient ",7.8,Ambient ,18,3rd molt,3.214189,3.658286,,1.676565,0.4799354,"no RW, debris on carapace"
2013-02-04 00:00:00,"7.8, Ambient ",7.8,Ambient ,18,End,3.295116,3.986502,0.9428492,1.739444,0.4927377,
2012-08-09 00:00:00,"7.8, Ambient ",7.8,Ambient ,19,1st molt,3.04306,2.701203,0.9254947,1.460081,0.3950271,
2012-09-11 00:00:00,"7.8, Ambient ",7.8,Ambient ,19,2nd molt,3.224821,3.708956,1.050256,1.642277,0.5157132,
2013-02-04 00:00:00,"7.8, Ambient ",7.8,Ambient ,19,End,3.373429,4.102369,0.9678871,1.806637,0.4664152,
2012-08-16 00:00:00,"7.8, Ambient ",7.8,Ambient ,20,1st molt,2.71279,3.021313,0.8556825,1.502463,0.4234507,
2012-09-28 00:00:00,"7.8, Ambient ",7.8,Ambient ,20,2nd molt,2.988383,3.478919,1.037413,1.665247,0.4625885,
2012-10-06 00:00:00,"7.8, Ambient ",7.8,Ambient ,20,dead,3.235118,3.636064,1.011856,1.721148,0.452882,
2012-08-28 00:00:00,"7.8, Ambient ",7.8,Ambient ,21,1st molt,2.498872,2.787666,0.7667053,1.410207,0.3839023,
2012-10-19 00:00:00,"7.8, Ambient ",7.8,Ambient ,21,2nd molt,2.654223,3.142579,0.7760332,1.466388,0.4500382,
2012-10-27 00:00:00,"7.8, Ambient ",7.8,Ambient ,21,dead,2.769107,3.243878,0.8776373,1.601039,0.3952127,
2012-08-29 00:00:00,"7.8, Ambient ",7.8,Ambient ,22,1st molt,2.537994,2.969233,0.7626807,1.338583,0.402134,
2012-10-22 00:00:00,"7.8, Ambient ",7.8,Ambient ,22,2nd molt,2.753546,3.297201,0.8496261,1.520869,0.4150408,
2012-11-06 00:00:00,"7.8, Ambient ",7.8,Ambient ,22,dead,2.855287,3.433916,0.9379533,1.59124,0.3908658,
2012-10-07 00:00:00,"7.8, Ambient ",7.8,Ambient ,23,2nd molt,3.386716,3.864402,1.080665,1.851636,0.4963556,
2012-10-15 00:00:00,"7.8, Ambient ",7.8,Ambient ,23,dead,,,,,0.4843873,full molt picture
2012-10-11 00:00:00,"7.8, Ambient ",7.8,Ambient ,24,dead,3.00172,3.5383,0.895056,1.67973,0.4882717,
2012-08-17 00:00:00,"7.8, Ambient ",7.8,Ambient ,25,1st molt,2.685039,3.056017,0.9043673,1.530429,0.4302517,
2012-09-26 00:00:00,"7.8, Ambient ",7.8,Ambient ,25,2nd molt,,3.503359,0.9859863,1.649175,0.4928248,"no CW, broken carapace"
2012-10-04 00:00:00,"7.8, Ambient ",7.8,Ambient ,25,dead,3.173191,3.697125,1.068695,1.715592,0.4929073,
2013-01-19 00:00:00,"7.8, Ambient ",7.8,Ambient ,26,dead,,3.769669,0.9622761,1.752384,0.4784573,"no CW, broken carapace"
2012-08-10 00:00:00,"7.8, Ambient ",7.8,Ambient ,27,1st molt,3.313149,3.030302,0.9459823,1.611001,0.418646,
2012-09-13 00:00:00,"7.8, Ambient ",7.8,Ambient ,27,2nd molt,3.707056,4.167013,1.053399,1.825843,0.4929913,
2012-11-18 00:00:00,"7.8, Ambient ",7.8,Ambient ,27,3rd molt,4.044262,4.533995,1.08651,2.081342,0.5136119,
2012-11-18 00:00:00,"7.8, Ambient ",7.8,Ambient ,27,3rd molt,3.989398,4.539402,1.187226,2.058757,0.511472,
2012-08-15 00:00:00,"7.8, Ambient ",7.8,Ambient ,28,1st molt,2.639082,3.0436,0.889237,1.417364,0.43486,
2012-09-29 00:00:00,"7.8, Ambient ",7.8,Ambient ,28,2nd molt,3.206744,3.715978,0.9828507,,0.5093333,"no OW, broken carapace"
2012-10-22 00:00:00,"7.8, Ambient ",7.8,Ambient ,28,dead,3.048099,3.587711,,,0.446452,"no RW or OW, debris in pic"
2012-08-08 00:00:00,"7.8, Ambient ",7.8,Ambient ,29,1st molt,2.935192,3.338383,0.9669106,1.6251,0.342258,
2012-09-13 00:00:00,"7.8, Ambient ",7.8,Ambient ,29,2nd molt,3.845498,4.215903,1.136289,1.98664,0.4692362,
2012-11-06 00:00:00,"7.8, Ambient ",7.8,Ambient ,29,dead,3.835292,4.621667,1.272956,2.064116,0.5627115,
2012-08-27 00:00:00,"7.8, Ambient ",7.8,Ambient ,30,1st molt,2.64932,3.024431,0.8625706,,0.4356502,"no OW, broken carapace"
2012-11-13 00:00:00,"7.8, Ambient ",7.8,Ambient ,30,3rd molt,2.995525,3.520424,0.9187769,,0.4673793,"no OW, broken carapace"
2012-11-13 00:00:00,"7.8, Ambient ",7.8,Ambient ,30,3rd molt,2.979131,3.507372,,,0.4725376,"no RW or OW, broken carapace"
2012-08-10 00:00:00,"7.8, Ambient +2",7.8,Ambient +2,1,1st molt,2.605712,3.009999,0.8431638,1.481026,0.4076136,
2012-10-09 00:00:00,"7.8, Ambient +2",7.8,Ambient +2,1,3rd molt,,4.330466,1.151988,,0.4955914,"no CW or OW, broken carapace"
2012-12-28 00:00:00,"7.8, Ambient +2",7.8,Ambient +2,1,4th molt,3.768501,4.334268,0.9994639,1.882595,0.5242649,
2013-02-04 00:00:00,"7.8, Ambient +2",7.8,Ambient +2,1,End,3.879174,4.604955,1.143609,1.864065,0.5226873,
2012-09-05 00:00:00,"7.8, Ambient +2",7.8,Ambient +2,2,2nd molt,3.576936,4.068213,1.178502,1.812392,0.5048008,
2012-10-24 00:00:00,"7.8, Ambient +2",7.8,Ambient +2,2,dead,3.921003,4.496594,1.118525,1.925957,0.5292288,
2012-10-04 00:00:00,"7.8, Ambient +2",7.8,Ambient +2,3,2nd molt,,,0.9931168,1.653132,0.4478852,"no CL or CW, broken carapace"
2012-12-22 00:00:00,"7.8, Ambient +2",7.8,Ambient +2,3,3rd molt,3.049278,3.611375,0.9389322,1.618799,0.4941909,
2013-02-04 00:00:00,"7.8, Ambient +2",7.8,Ambient +2,3,End,3.150682,3.761008,1.220136,1.653208,0.4462975,
2012-08-16 00:00:00,"7.8, Ambient +2",7.8,Ambient +2,4,1st molt,2.747701,3.043619,0.8416577,1.523585,0.3825717,
2012-09-16 00:00:00,"7.8, Ambient +2",7.8,Ambient +2,4,2nd molt,3.215409,3.639441,0.9219475,1.692241,0.4836049,
2012-11-16 00:00:00,"7.8, Ambient +2",7.8,Ambient +2,4,dead,3.332633,,1.036838,1.70475,0.4527018,"no CL, broken carapace"
2012-11-16 00:00:00,"7.8, Ambient +2",7.8,Ambient +2,4,dead,3.33161,3.824756,1.008514,1.718135,0.4869068,
2012-08-18 00:00:00,"7.8, Ambient +2",7.8,Ambient +2,5,1st molt,2.643259,2.986134,0.8069084,1.442278,0.4043975,
2012-09-25 00:00:00,"7.8, Ambient +2",7.8,Ambient +2,5,2nd molt,2.830594,3.311738,1.019334,1.494824,0.4236899,
2012-10-03 00:00:00,"7.8, Ambient +2",7.8,Ambient +2,5,dead,,,0.9418511,1.448875,0.4422592,"no CL or CW, broken carapace"
2012-08-11 00:00:00,"7.8, Ambient +2",7.8,Ambient +2,6,1st molt,2.561336,2.978869,0.8081919,1.4314,0.4331119,
2012-09-11 00:00:00,"7.8, Ambient +2",7.8,Ambient +2,6,2nd molt,3.197796,3.620967,0.9686794,1.666673,0.5027686,
2012-10-27 00:00:00,"7.8, Ambient +2",7.8,Ambient +2,6,3rd molt,3.439598,4.000351,1.014526,1.80584,0.4756001,
2013-01-26 00:00:00,"7.8, Ambient +2",7.8,Ambient +2,6,4th molt,,,,1.736395,0.5171252,"no CW, CL and RW, broken "
2013-01-26 00:00:00,"7.8, Ambient +2",7.8,Ambient +2,6,4th molt,,3.803535,,1.741374,0.4860431,"no CW or RW, broken carapace"
2013-02-04 00:00:00,"7.8, Ambient +2",7.8,Ambient +2,6,End,3.415909,4.098932,1.034269,1.900041,0.4560742,
2012-08-09 00:00:00,"7.8, Ambient +2",7.8,Ambient +2,7,1st molt,3.058331,3.411366,0.966546,1.62481,0.4514267,
2012-09-10 00:00:00,"7.8, Ambient +2",7.8,Ambient +2,7,2nd molt,3.7357,4.372294,1.164632,1.796891,0.6225385,
2012-11-13 00:00:00,"7.8, Ambient +2",7.8,Ambient +2,7,dead,3.833513,4.463625,1.170575,1.905877,0.5539639,
2012-11-13 00:00:00,"7.8, Ambient +2",7.8,Ambient +2,7,dead,3.78456,4.471871,1.164497,1.92083,0.5790723,
2012-08-25 00:00:00,"7.8, Ambient +2",7.8,Ambient +2,8,1st molt,2.585812,2.989216,0.9859283,1.489344,0.4232895,
2012-10-03 00:00:00,"7.8, Ambient +2",7.8,Ambient +2,8,2nd molt,2.811537,3.305124,0.9488446,1.583395,0.4656936,
2012-08-06 00:00:00,"7.8, Ambient +2",7.8,Ambient +2,9,1st molt,2.982709,3.380839,0.9250862,1.677459,0.4320936,
2012-09-07 00:00:00,"7.8, Ambient +2",7.8,Ambient +2,9,2nd molt,3.948988,4.383185,1.175039,2.004254,0.4932508,
2013-02-04 00:00:00,"7.8, Ambient +2",7.8,Ambient +2,9,End,3.986358,4.769569,1.160543,2.066127,0.5200046,
2012-08-18 00:00:00,"7.8, Ambient +2",7.8,Ambient +2,10,1st molt,"2.692812
",3.041074,0.8556825,1.55117,0.3893412,
2012-09-24 00:00:00,"7.8, Ambient +2",7.8,Ambient +2,10,2nd molt,2.904829,3.365424,1.006801,1.646383,0.4569984,
2012-10-28 00:00:00,"7.8, Ambient +2",7.8,Ambient +2,10,dead,2.897418,3.528569,0.9460963,0.9460963,0.450538,
2012-08-16 00:00:00,"7.8, Ambient +2",7.8,Ambient +2,11,1st molt,2.700384,3.121386,0.8487275,1.47505,0.4610841,
2012-10-02 00:00:00,"7.8, Ambient +2",7.8,Ambient +2,11,2nd molt,3.140162,3.611328,0.9427583,1.640433,0.5191141,
2012-12-10 00:00:00,"7.8, Ambient +2",7.8,Ambient +2,11,3rd molt,3.238388,3.851267,0.9693308,1.668733,0.4518307,
2012-08-04 00:00:00,"7.8, Ambient +2",7.8,Ambient +2,12,1st molt,2.212912,2.519211,0.7887214,1.304993,0.3279458,
2012-08-26 00:00:00,"7.8, Ambient +2",7.8,Ambient +2,12,2nd molt,2.371522,2.824501,0.9033415,1.420568,0.395906,
2012-10-07 00:00:00,"7.8, Ambient +2",7.8,Ambient +2,12,3rd molt,2.698536,3.21818,0.9642643,1.528833,0.4405794,
2012-09-30 00:00:00,"7.8, Ambient +2",7.8,Ambient +2,13,2nd molt,2.430706,2.956615,0.8600752,1.433294,0.396798,
2012-10-29 00:00:00,"7.8, Ambient +2",7.8,Ambient +2,13,dead,2.546738,3.077588,,1.436373,0.3203345,
2012-08-25 00:00:00,"7.8, Ambient +2",7.8,Ambient +2,14,1st molt,2.47493,2.853071,0.9100248,1.399485,0.4034569,
2012-08-13 00:00:00,"7.8, Ambient +2",7.8,Ambient +2,15,1st molt,2.835188,3.220246,0.9451371,1.534219,0.4406794,
2012-09-11 00:00:00,"7.8, Ambient +2",7.8,Ambient +2,15,2nd molt,3.484753,3.857431,1.076106,1.781381,0.5298742,
2012-10-23 00:00:00,"7.8, Ambient +2",7.8,Ambient +2,15,3rd molt,3.684861,4.20631,1.167282,1.922459,0.4879596,
2012-12-25 00:00:00,"7.8, Ambient +2",7.8,Ambient +2,15,4th molt,3.88386,4.433466,1.049031,1.928934,0.5351487,
2013-02-04 00:00:00,"7.8, Ambient +2",7.8,Ambient +2,15,End,4.070116,4.726425,1.136878,1.937644,0.605584,
2012-08-24 00:00:00,"7.8, Ambient +2",7.8,Ambient +2,16,1st molt,2.360635,2.767567,0.9323131,1.388147,0.3830941,
2012-10-01 00:00:00,"7.8, Ambient +2",7.8,Ambient +2,16,dead,2.628394,3.091394,0.962368,1.474292,0.4436337,
2012-08-16 00:00:00,"7.8, Ambient +2",7.8,Ambient +2,17,1st molt,2.719817,3.100881,0.9042871,1.488617,0.4368361,
2012-09-23 00:00:00,"7.8, Ambient +2",7.8,Ambient +2,17,2nd molt,3.205925,3.632826,1.027232,1.659917,0.5102487,
2012-12-07 00:00:00,"7.8, Ambient +2",7.8,Ambient +2,17,dead,3.411317,3.88295,1.072705,1.730343,0.4636501,
2012-08-26 00:00:00,"7.8, Ambient +2",7.8,Ambient +2,18,1st molt,2.35184,2.74355,0.9448708,1.435279,0.3543506,
2012-10-09 00:00:00,"7.8, Ambient +2",7.8,Ambient +2,18,dead,2.732774,,0.936117,1.569373,0.3913154,"no CL, broken carapace"
2012-08-18 00:00:00,"7.8, Ambient +2",7.8,Ambient +2,19,1st molt,2.713004,3.032654,0.7999226,1.509483,0.3813049,
2012-09-24 00:00:00,"7.8, Ambient +2",7.8,Ambient +2,19,2nd molt,2.913118,3.399341,0.9591823,1.619102,0.4825611,
2012-11-25 00:00:00,"7.8, Ambient +2",7.8,Ambient +2,19,dead,3.008578,3.680244,0.9935288,1.764743,0.4619081,
2012-08-20 00:00:00,"7.8, Ambient +2",7.8,Ambient +2,20,1st molt,,2.963306,0.7934547,1.419607,0.3856577,"no CW, broken carapace"
2012-09-26 00:00:00,"7.8, Ambient +2",7.8,Ambient +2,20,2nd molt,2.755127,3.230648,0.9230575,1.578572,0.4355571,
2012-08-13 00:00:00,"7.8, Ambient +2",7.8,Ambient +2,21,1st molt,2.623395,3.085242,0.8423442,1.513678,0.432299,
2012-09-15 00:00:00,"7.8, Ambient +2",7.8,Ambient +2,21,2nd molt,3.304555,3.671496,0.9838596,1.745629,0.4557657,
2012-12-12 00:00:00,"7.8, Ambient +2",7.8,Ambient +2,21,3rd molt,3.2483,3.837378,0.937955,1.676214,0.5423769,
2013-02-04 00:00:00,"7.8, Ambient +2",7.8,Ambient +2,21,End,3.274865,3.836421,1.043898,1.677071,0.4129059,
2012-10-01 00:00:00,"7.8, Ambient +2",7.8,Ambient +2,22,2nd molt,3.235142,3.737333,1.078458,1.713163,0.4683554,
2012-12-12 00:00:00,"7.8, Ambient +2",7.8,Ambient +2,22,3rd molt,3.214262,3.782651,0.9726324,1.559,0.4100978,
2013-02-04 00:00:00,"7.8, Ambient +2",7.8,Ambient +2,22,End,3.295301,3.857387,0.8950424,1.634687,0.4012774,
2012-08-16 00:00:00,"7.8, Ambient +2",7.8,Ambient +2,23,1st molt,2.782896,3.088976,0.8347018,1.572268,0.3787586,
2012-09-22 00:00:00,"7.8, Ambient +2",7.8,Ambient +2,23,2nd molt,3.206512,3.626109,1.055283,1.642632,0.4891856,
2012-10-04 00:00:00,"7.8, Ambient +2",7.8,Ambient +2,23,dead,,3.830092,1.012207,1.757863,0.438045,"no CW, broken carapace"
2012-08-16 00:00:00,"7.8, Ambient +2",7.8,Ambient +2,24,1st molt,2.531967,2.923551,0.8416864,1.439928,0.3606995,
2012-09-21 00:00:00,"7.8, Ambient +2",7.8,Ambient +2,24,2nd molt,2.829268,3.248685,0.9508573,1.571969,0.4402643,
2012-12-14 00:00:00,"7.8, Ambient +2",7.8,Ambient +2,24,3rd molt,2.847425,3.370045,0.9053862,1.501007,0.3617639,
2013-02-04 00:00:00,"7.8, Ambient +2",7.8,Ambient +2,24,End,2.873068,3.270087,0.9025438,1.5516,0.4391692,
2012-10-01 00:00:00,"7.8, Ambient +2",7.8,Ambient +2,25,2nd molt,3.228295,3.776964,1.071568,1.768039,0.5106094,
2013-02-04 00:00:00,"7.8, Ambient +2",7.8,Ambient +2,25,End,3.184522,3.878212,0.9307135,1.70416,0.4111651,
2012-08-11 00:00:00,"7.8, Ambient +2",7.8,Ambient +2,26,1st molt,2.698186,3.09074,0.8766638,1.513492,0.4033409,
2012-09-12 00:00:00,"7.8, Ambient +2",7.8,Ambient +2,26,2nd molt,3.204542,3.65114,1.072822,1.631085,0.4876963,
2012-11-06 00:00:00,"7.8, Ambient +2",7.8,Ambient +2,26,3rd molt,3.319603,3.922114,1.006264,1.840428,0.4822506,
2013-01-14 00:00:00,"7.8, Ambient +2",7.8,Ambient +2,26,4th molt,3.416224,4.017184,1.042025,1.722669,0.4490232,
2013-02-04 00:00:00,"7.8, Ambient +2",7.8,Ambient +2,26,End,3.766468,4.31935,1.105272,1.81612,0.4810261,
2012-09-27 00:00:00,"7.8, Ambient +2",7.8,Ambient +2,27,2nd molt,3.261268,3.731785,0.989318,1.733092,0.4954817,
2012-11-16 00:00:00,"7.8, Ambient +2",7.8,Ambient +2,27,3rd molt,3.158042,3.721621,0.9776342,1.654741,0.4669649,
2012-11-16 00:00:00,"7.8, Ambient +2",7.8,Ambient +2,27,3rd molt,3.151828,3.705196,0.9746329,,0.4977152,
2013-01-28 00:00:00,"7.8, Ambient +2",7.8,Ambient +2,27,4th molt,3.44549,4.04776,1.055104,1.759128,0.4966297,
2013-01-28 00:00:00,"7.8, Ambient +2",7.8,Ambient +2,27,4th molt,3.439481,4.07244,1.093228,1.752453,0.4864377,
2013-02-04 00:00:00,"7.8, Ambient +2",7.8,Ambient +2,27,End,3.667906,4.401855,1.195612,1.796165,0.4804293,
2012-08-19 00:00:00,"7.8, Ambient +2",7.8,Ambient +2,28,1st molt,,3.115009,0.9043673,1.600087,0.414209,
2012-09-28 00:00:00,"7.8, Ambient +2",7.8,Ambient +2,28,2nd molt,,,0.9768173,1.753054,0.5093333,"no CL or CW, broken carapace"
2012-10-26 00:00:00,"7.8, Ambient +2",7.8,Ambient +2,28,dead,3.287564,3.859553,,,0.4563254,"no RW or OW, debris in pic"
2012-08-16 00:00:00,"7.8, Ambient +2",7.8,Ambient +2,29,1st molt,"2.580657
",2.953755,0.8416864,1.42622,0.4012747,
2012-09-25 00:00:00,"7.8, Ambient +2",7.8,Ambient +2,29,2nd molt,3.023485,3.468591,0.9572848,1.632875,0.4724339,
2012-12-16 00:00:00,"7.8, Ambient +2",7.8,Ambient +2,29,3rd molt,3.013385,3.593137,0.9339254,1.577574,0.4188518,
2013-02-04 00:00:00,"7.8, Ambient +2",7.8,Ambient +2,29,End,3.050776,3.684208,0.9572689,1.655614,0.3735049,
2012-08-09 00:00:00,"7.8, Ambient +2",7.8,Ambient +2,30,1st molt,2.700855,3.071072,0.9048548,1.488052,0.3928802,
2012-09-08 00:00:00,"7.8, Ambient +2",7.8,Ambient +2,30,2nd molt,3.330027,3.765745,1.086807,1.679001,0.5076043,
2012-10-15 00:00:00,"7.8, Ambient +2",7.8,Ambient +2,30,3rd molt,3.699017,4.206251,1.06206,1.884672,0.5032591,
2012-12-29 00:00:00,"7.8, Ambient +2",7.8,Ambient +2,30,4th molt,3.611343,4.153715,0.9946988,1.792381,0.5429627,
2013-01-09 00:00:00,"7.8, Ambient +2",7.8,Ambient +2,30,dead,3.782107,4.249126,0.957985,1.854826,0.459467,
2012-08-10 00:00:00,"7.8, Ambient +4",7.8,Ambient +4,1,1st molt,2.744677,3.167679,0.9309477,1.541028,0.4555967,
2012-09-06 00:00:00,"7.8, Ambient +4",7.8,Ambient +4,1,2nd molt,3.427925,3.810023,1.037896,1.735829,0.498076,
2012-10-22 00:00:00,"7.8, Ambient +4",7.8,Ambient +4,1,dead,,"4.145863
",1.118785,1.886208,0.4863712,"no CW, broken carapace"
2012-08-14 00:00:00,"7.8, Ambient +4",7.8,Ambient +4,2,1st molt,2.670979,3.087119,0.9245189,1.479253,0.4370462,
2012-08-21 00:00:00,"7.8, Ambient +4",7.8,Ambient +4,2,1st molt,2.58949,2.921042,0.840293,1.473823,0.4484308,
2012-09-11 00:00:00,"7.8, Ambient +4",7.8,Ambient +4,2,2nd molt,3.239374,3.683713,0.94753,1.609369,0.4733038,
2012-11-04 00:00:00,"7.8, Ambient +4",7.8,Ambient +4,2,dead,,,0.9822455,,0.4170621,"no CW, CL, or OW, full molt"
2012-08-08 00:00:00,"7.8, Ambient +4",7.8,Ambient +4,3,1st molt,2.817717,3.242195,0.9530341,1.529166,0.4520508,
2012-09-10 00:00:00,"7.8, Ambient +4",7.8,Ambient +4,3,2nd molt,3.479294,3.949222,1.137615,1.754054,0.5049667,
2012-10-31 00:00:00,"7.8, Ambient +4",7.8,Ambient +4,3,3rd molt,3.529892,4.057566,1.034072,1.684353,0.4715067,
2012-11-29 00:00:00,"7.8, Ambient +4",7.8,Ambient +4,3,dead,3.494836,4.0844,1.054872,1.669613,0.454328,
2012-08-08 00:00:00,"7.8, Ambient +4",7.8,Ambient +4,4,1st molt,2.618959,2.971174,0.8842911,1.4812,0.3866111,
2012-09-02 00:00:00,"7.8, Ambient +4",7.8,Ambient +4,4,2nd molt,3.064091,3.561841,1.01905,,0.4416054,"no OW, broken carapace"
2012-11-19 00:00:00,"7.8, Ambient +4",7.8,Ambient +4,4,dead,3.360353,3.827429,1.04391,,0.4792421,
2012-11-19 00:00:00,"7.8, Ambient +4",7.8,Ambient +4,4,dead,3.362107,3.811605,1.04359,1.620957,0.4815121,
2012-08-14 00:00:00,"7.8, Ambient +4",7.8,Ambient +4,5,1st molt,1.999833,2.8281,0.8766638,1.404128,0.4163848,
2012-09-12 00:00:00,"7.8, Ambient +4",7.8,Ambient +4,5,2nd molt,2.856903,3.242481,0.8987709,1.52578,0.4686152,
2012-10-16 00:00:00,"7.8, Ambient +4",7.8,Ambient +4,5,dead,2.806006,3.233607,0.9330626,1.468178,0.4414817,
2012-10-04 00:00:00,"7.8, Ambient +4",7.8,Ambient +4,6,dead,2.811723,3.257331,0.9995839,1.620423,0.4093053,
2012-08-22 00:00:00,"7.8, Ambient +4",7.8,Ambient +4,7,1st molt,2.658284,3.066131,0.9021606,1.46005,0.4438064,
2012-08-10 00:00:00,"7.8, Ambient +4",7.8,Ambient +4,8,1st molt,2.581792,2.966309,0.8622859,1.478775,0.3698045,
2012-09-09 00:00:00,"7.8, Ambient +4",7.8,Ambient +4,8,2nd molt,,3.442936,0.9945261,1.620136,0.4466192,"no CW, broken carapace"
2012-12-08 00:00:00,"7.8, Ambient +4",7.8,Ambient +4,8,dead,3.652017,3.106925,1.051768,1.6678,0.489274,
2012-08-15 00:00:00,"7.8, Ambient +4",7.8,Ambient +4,9,1st molt,2.388749,2.753695,0.7847694,1.326552,0.3977395,
2012-10-05 00:00:00,"7.8, Ambient +4",7.8,Ambient +4,9,dead,2.926022,,0.8879346,1.528321,0.4526727,"no CL, broken carapace"
2012-08-07 00:00:00,"7.8, Ambient +4",7.8,Ambient +4,10,1st molt,2.836665,3.207344,0.8707434,1.497101,0.4355709,
2012-09-03 00:00:00,"7.8, Ambient +4",7.8,Ambient +4,10,2nd molt,3.573455,3.942805,1.037896,1.755342,0.507915,
2012-10-22 00:00:00,"7.8, Ambient +4",7.8,Ambient +4,10,dead,3.754278,4.219329,1.046014,1.879271,0.500345,
2012-08-20 00:00:00,"7.8, Ambient +4",7.8,Ambient +4,11,1st molt,2.548236,2.926671,0.8748577,2.024743,0.4095139,
2012-08-10 00:00:00,"7.8, Ambient +4",7.8,Ambient +4,12,1st molt,2.88165,3.331686,0.9445075,1.581094,0.4646556,
2012-09-05 00:00:00,"7.8, Ambient +4",7.8,Ambient +4,12,2nd molt,3.364732,3.86028,0.9891379,1.755342,0.5220939,
2012-10-19 00:00:00,"7.8, Ambient +4",7.8,Ambient +4,12,dead,3.636174,4.212862,1.12558,1.911499,0.6053877,
2012-08-20 00:00:00,"7.8, Ambient +4",7.8,Ambient +4,13,1st molt,2.741037,3.096673,0.8979782,1.516439,0.3998857,
2012-09-25 00:00:00,"7.8, Ambient +4",7.8,Ambient +4,13,2nd molt,3.092187,3.480371,0.9503733,1.728701,0.4433813,
2012-11-05 00:00:00,"7.8, Ambient +4",7.8,Ambient +4,13,dead,3.006507,3.5121,1.033372,1.656843,0.4287883,
2012-08-14 00:00:00,"7.8, Ambient +4",7.8,Ambient +4,14,1st molt,2.622831,2.984908,0.7875315,,0.3970717,"no OW, broken carapace"
2012-09-14 00:00:00,"7.8, Ambient +4",7.8,Ambient +4,14,2nd molt,3.083655,3.524783,0.9494093,1.649349,0.4558184,
2012-10-24 00:00:00,"7.8, Ambient +4",7.8,Ambient +4,14,dead,3.073715,3.514474,,,0.4513576,"no RW or OW, broken carapace"
2012-08-17 00:00:00,"7.8, Ambient +4",7.8,Ambient +4,15,1st molt,2.907678,3.293666,1.001666,1.641713,0.4328304,
2012-09-18 00:00:00,"7.8, Ambient +4",7.8,Ambient +4,15,2nd molt,3.171162,3.664467,1.043313,1.75326,0.491746,
2013-01-25 00:00:00,"7.8, Ambient +4",7.8,Ambient +4,15,4th molt,3.203353,3.762682,1.667244,1.058033,0.4495679,
2013-01-25 00:00:00,"7.8, Ambient +4",7.8,Ambient +4,15,4th molt,3.205312,3.743722,1.071088,1.686549,0.4537343,
2013-02-04 00:00:00,"7.8, Ambient +4",7.8,Ambient +4,15,End,3.252151,3.950572,0.9802211,1.684582,0.4794579,
2012-11-08 00:00:00,"7.8, Ambient +4",7.8,Ambient +4,16,3rd molt,2.784709,3.23623,0.8064869,1.49422,0.3849331,
2012-11-08 00:00:00,"7.8, Ambient +4",7.8,Ambient +4,16,3rd molt,2.750496,3.239138,0.8574128,1.494249,0.3619464,
2012-08-15 00:00:00,"7.8, Ambient +4",7.8,Ambient +4,17,1st molt,2.664417,3.068058,0.8139532,1.530856,0.4037988,
2012-09-14 00:00:00,"7.8, Ambient +4",7.8,Ambient +4,17,2nd molt,3.006847,3.436155,0.9351765,1.61406,0.5045342,
2012-11-25 00:00:00,"7.8, Ambient +4",7.8,Ambient +4,17,3rd molt,3.021594,,0.9058763,,0.4587622,"no OW or CL, broken carapace"
2012-12-12 00:00:00,"7.8, Ambient +4",7.8,Ambient +4,17,dead,3.043095,3.551726,0.7870824,,0.451447,"no OW, broken carapace"
2012-08-16 00:00:00,"7.8, Ambient +4",7.8,Ambient +4,18,1st molt,2.586106,3.026992,0.937641,1.431496,0.4446185,
2012-09-19 00:00:00,"7.8, Ambient +4",7.8,Ambient +4,18,2nd molt,3.010755,3.397168,0.9666848,1.606131,0.4532767,
2012-09-27 00:00:00,"7.8, Ambient +4",7.8,Ambient +4,18,dead,2.947486,3.381434,0.9557899,1.501247,0.4535955,
2012-08-11 00:00:00,"7.8, Ambient +4",7.8,Ambient +4,19,1st molt,2.766844,3.146685,0.8697357,1.472596,0.4438605,
2012-09-09 00:00:00,"7.8, Ambient +4",7.8,Ambient +4,19,2nd molt,3.334091,3.74041,1.040687,1.727665,0.4978784,
2012-10-31 00:00:00,"7.8, Ambient +4",7.8,Ambient +4,19,dead,3.358697,3.910041,1.094028,1.769549,0.4792652,
2012-08-10 00:00:00,"7.8, Ambient +4",7.8,Ambient +4,20,1st molt,2.744293,3.116456,0.8896863,1.444133,0.4661651,
2012-08-08 00:00:00,"7.8, Ambient +4",7.8,Ambient +4,21,1st molt,2.969893,3.30438,0.9266363,1.559425,0.4528816,
2012-09-03 00:00:00,"7.8, Ambient +4",7.8,Ambient +4,21,dead,3.785101,4.147414,1.144357,1.864999,0.4608817,
2012-10-02 00:00:00,"7.8, Ambient +4",7.8,Ambient +4,22,dead,2.894251,3.383264,1.030686,1.631264,0.4053923,
2012-08-09 00:00:00,"7.8, Ambient +4",7.8,Ambient +4,23,1st molt,2.796819,3.171267,0.9324747,1.521758,0.4178596,
2012-09-05 00:00:00,"7.8, Ambient +4",7.8,Ambient +4,23,2nd molt,3.413315,3.86028,1.051827,1.811053,0.4878398,
2012-08-16 00:00:00,"7.8, Ambient +4",7.8,Ambient +4,24,1st molt,2.524983,2.929106,0.8351654,1.433985,0.4063073,
2012-09-23 00:00:00,"7.8, Ambient +4",7.8,Ambient +4,24,dead,2.945959,3.299343,0.967158,1.566102,0.4547143,
2012-08-07 00:00:00,"7.8, Ambient +4",7.8,Ambient +4,25,1st molt,3.020368,3.428778,0.9795564,1.612201,0.4377434,
2012-09-03 00:00:00,"7.8, Ambient +4",7.8,Ambient +4,25,2nd molt,3.722679,4.167757,1.186419,1.818501,0.5121475,
2012-10-17 00:00:00,"7.8, Ambient +4",7.8,Ambient +4,25,3rd molt,4.106198,4.598798,1.182508,1.991126,0.5200474,
2012-12-19 00:00:00,"7.8, Ambient +4",7.8,Ambient +4,25,4th molt,4.054916,4.64351,1.05883,1.888695,0.5115936,
2012-12-25 00:00:00,"7.8, Ambient +4",7.8,Ambient +4,25,dead,4.263189,,,2.052386,0.4372335,"no CL or RW, carapace broken"
2012-08-16 00:00:00,"7.8, Ambient +4",7.8,Ambient +4,26,1st molt,2.685039,3.118595,0.9042871,1.523902,0.4444129,
2012-09-19 00:00:00,"7.8, Ambient +4",7.8,Ambient +4,26,dead,3.073203,3.450407,0.9317987,1.849536,0.481915,
2012-08-09 00:00:00,"7.8, Ambient +4",7.8,Ambient +4,27,1st molt,2.796777,3.174533,"0.870663
",1.501209,0.4239437,
2012-08-28 00:00:00,"7.8, Ambient +4",7.8,Ambient +4,27,2nd molt,3.485215,3.953577,1.081624,1.752483,0.4908335,
2012-10-03 00:00:00,"7.8, Ambient +4",7.8,Ambient +4,27,3rd molt,3.769288,4.446158,1.19427,1.897505,0.5614291,
2012-08-05 00:00:00,"7.8, Ambient +4",7.8,Ambient +4,28,1st molt,1.952269,2.3912,0.7829867,1.209144,0.3378096,
2012-08-27 00:00:00,"7.8, Ambient +4",7.8,Ambient +4,28,2nd molt,2.259302,2.638215,0.8009332,1.335327,0.3684552,
2012-08-10 00:00:00,"7.8, Ambient +4",7.8,Ambient +4,29,1st molt,2.737835,3.162218,0.876641,1.520021,0.4372373,
2012-09-04 00:00:00,"7.8, Ambient +4",7.8,Ambient +4,29,2nd molt,3.376102,3.836922,1.116447,1.720611,0.4956969,
2012-08-12 00:00:00,"7.8, Ambient +4",7.8,Ambient +4,30,1st molt,2.66399,3.08363,0.8286201,1.458661,0.4179586,
2012-09-09 00:00:00,"7.8, Ambient +4",7.8,Ambient +4,30,2nd molt,3.07997,,0.9765675,1.745862,0.3981797,"no CL, broken carapace"
2012-09-30 00:00:00,"7.8, Ambient +4",7.8,Ambient +4,30,dead,3.160398,3.66469,0.9831983,1.685932,0.4536532,
2012-08-23 00:00:00,"Ambient, Ambient ",Ambient,Ambient ,1,1st molt,2.713447,3.111244,0.9022657,0.9022657,0.433426,
2012-08-25 00:00:00,"Ambient, Ambient ",Ambient,Ambient ,2,1st molt,3.137488,2.72366,1.027219,1.502877,0.4391601,
2012-10-09 00:00:00,"Ambient, Ambient ",Ambient,Ambient ,2,2nd molt,3.31094,3.70597,1.032849,1.672678,0.4848148,
2013-01-28 00:00:00,"Ambient, Ambient ",Ambient,Ambient ,2,3rd molt,3.10768,3.710492,0.984647,1.610903,0.4922626,
2013-01-28 00:00:00,"Ambient, Ambient ",Ambient,Ambient ,2,3rd molt,3.237571,3.733529,0.9802433,1.620377,0.4917826,
2013-02-04 00:00:00,"Ambient, Ambient ",Ambient,Ambient ,2,End,3.551577,4.003522,0.9285146,1.694875,0.477359,
2012-08-16 00:00:00,"Ambient, Ambient ",Ambient,Ambient ,3,1st molt,2.886887,3.256415,0.9043673,1.641639,0.4132734,
2012-09-21 00:00:00,"Ambient, Ambient ",Ambient,Ambient ,3,2nd molt,3.287877,3.73653,1.028285,1.769859,0.5137512,
2012-12-01 00:00:00,"Ambient, Ambient ",Ambient,Ambient ,3,3rd molt,3.226317,3.757648,1.054422,1.688383,0.4842641,
2013-02-04 00:00:00,"Ambient, Ambient ",Ambient,Ambient ,3,End,3.362397,4.09684,0.9404117,1.74496,0.5090618,
2012-08-15 00:00:00,"Ambient, Ambient ",Ambient,Ambient ,4,1st molt,2.65991,3.037058,0.86128,1.465548,0.4240822,
2012-09-26 00:00:00,"Ambient, Ambient ",Ambient,Ambient ,4,2nd molt,3.340428,3.766046,1.040266,1.694829,0.5118955,
2012-10-04 00:00:00,"Ambient, Ambient ",Ambient,Ambient ,4,dead,3.514287,3.938524,1.071469,1.746909,0.5211752,
2012-08-27 00:00:00,"Ambient, Ambient ",Ambient,Ambient ,5,1st molt,2.580821,2.945964,0.8831067,1.424029,0.4259691,
2012-10-13 00:00:00,"Ambient, Ambient ",Ambient,Ambient ,5,2nd molt,2.856832,3.328238,0.8948178,1.590022,0.4723409,
2013-02-04 00:00:00,"Ambient, Ambient ",Ambient,Ambient ,5,End,2.887262,3.598175,0.9837271,1.588151,0.4142932,
2012-08-24 00:00:00,"Ambient, Ambient ",Ambient,Ambient ,6,1st molt,2.826276,3.233696,3.233696,1.530728,0.4753834,
2012-10-05 00:00:00,"Ambient, Ambient ",Ambient,Ambient ,6,2nd molt,3.628733,,1.232172,1.865402,0.5279025,"no CL, broken carapace"
2012-12-29 00:00:00,"Ambient, Ambient ",Ambient,Ambient ,6,3rd molt,3.695303,4.235899,0.928721,1.8168,0.5242649,
2013-02-04 00:00:00,"Ambient, Ambient ",Ambient,Ambient ,6,End,3.80929,4.724505,1.127152,1.854807,0.5226873,
2012-08-20 00:00:00,"Ambient, Ambient ",Ambient,Ambient ,7,1st molt,2.762733,3.141734,0.8370461,1.52967,0.4167128,
2012-10-10 00:00:00,"Ambient, Ambient ",Ambient,Ambient ,7,2nd molt,3.180231,3.629021,1.03957,1.693271,0.4921859,
2013-01-22 00:00:00,"Ambient, Ambient ",Ambient,Ambient ,7,3rd molt,3.197087,3.714231,0.9722066,1.675791,0.503969,
2013-02-04 00:00:00,"Ambient, Ambient ",Ambient,Ambient ,7,End,3.240872,4.00276,0.992185,1.832221,0.4658767,
2012-08-21 00:00:00,"Ambient, Ambient ",Ambient,Ambient ,8,1st molt,2.706622,3.105942,0.915934,1.487787,0.428529,
2012-10-08 00:00:00,"Ambient, Ambient ",Ambient,Ambient ,8,2nd molt,3.194078,3.666402,1.046452,1.700209,0.5209915,
2012-11-09 00:00:00,"Ambient, Ambient ",Ambient,Ambient ,8,dead,3.250102,3.779746,0.9879522,1.690666,0.438085,
2012-11-09 00:00:00,"Ambient, Ambient ",Ambient,Ambient ,8,dead,3.236036,3.784151,1.008514,1.697558,0.4332308,
2012-08-30 00:00:00,"Ambient, Ambient ",Ambient,Ambient ,9,1st molt,2.502575,2.827654,0.8527875,1.386463,0.4049327,
2012-09-26 00:00:00,"Ambient, Ambient ",Ambient,Ambient ,9,dead,2.768616,3.231411,0.9028228,1.503224,0.4453026,
2012-08-26 00:00:00,"Ambient, Ambient ",Ambient,Ambient ,10,1st molt,2.833615,3.212016,1.027404,1.578725,0.4632802,
2012-10-12 00:00:00,"Ambient, Ambient ",Ambient,Ambient ,10,2nd molt,3.236545,3.68223,0.9706307,,0.5246165,"no OW, broken carapace"
2012-12-29 00:00:00,"Ambient, Ambient ",Ambient,Ambient ,10,3rd molt,3.351012,3.956192,0.9285675,1.663636,0.443077,
2013-02-04 00:00:00,"Ambient, Ambient ",Ambient,Ambient ,10,End,3.378517,3.904331,1.019848,1.677221,0.4740419,
2012-08-30 00:00:00,"Ambient, Ambient ",Ambient,Ambient ,11,1st molt,2.807665,3.162572,0.9013076,1.552839,0.4030293,
2012-11-07 00:00:00,"Ambient, Ambient ",Ambient,Ambient ,11,dead,3.132611,3.621694,0.9932886,1.71493,0.4850822,
2012-11-07 00:00:00,"Ambient, Ambient ",Ambient,Ambient ,11,dead,3.132478,3.627151,1.010205,1.714763,0.4805752,
2012-08-07 00:00:00,"Ambient, Ambient ",Ambient,Ambient ,12,1st molt,2.857695,3.247824,0.8913579,1.510701,0.4326396,
2012-09-12 00:00:00,"Ambient, Ambient ",Ambient,Ambient ,12,2nd molt,3.588118,4.079521,1.073184,1.804413,0.5266877,
2012-11-18 00:00:00,"Ambient, Ambient ",Ambient,Ambient ,12,3rd molt,3.974069,4.594601,1.269901,1.964468,0.5504577,
2012-11-18 00:00:00,"Ambient, Ambient ",Ambient,Ambient ,12,3rd molt,3.975551,4.558415,1.203795,2.02489,0.5246379,
2013-02-04 00:00:00,"Ambient, Ambient ",Ambient,Ambient ,12,End,4.004086,4.58478,1.146584,1.965777,0.5898035,
2012-08-14 00:00:00,"Ambient, Ambient ",Ambient,Ambient ,13,1st molt,2.848843,3.264081,0.9450627,1.588759,0.445916,
2012-09-22 00:00:00,"Ambient, Ambient ",Ambient,Ambient ,13,2nd molt,3.429994,3.876692,1.061713,1.78118,0.4994501,
2012-12-01 00:00:00,"Ambient, Ambient ",Ambient,Ambient ,13,3rd molt,3.630718,4.191433,1.150842,1.819413,0.5407548,
2012-12-15 00:00:00,"Ambient, Ambient ",Ambient,Ambient ,13,dead,3.651969,,1.122183,1.852715,0.5397776,
2012-08-17 00:00:00,"Ambient, Ambient ",Ambient,Ambient ,14,1st molt,2.971133,3.308331,0.8712599,,0.4313187,"no OW, broken carapace"
2012-09-23 00:00:00,"Ambient, Ambient ",Ambient,Ambient ,14,2nd molt,3.387982,3.804314,1.096814,1.732288,0.5581291,
2013-02-04 00:00:00,"Ambient, Ambient ",Ambient,Ambient ,14,End,3.454276,4.042691,0.901709,1.74925,0.5873663,
2012-08-09 00:00:00,"Ambient, Ambient ",Ambient,Ambient ,15,1st molt,2.118832,2.512596,0.7747096,1.282299,0.3222468,
2013-02-04 00:00:00,"Ambient, Ambient ",Ambient,Ambient ,15,End,2.396811,3.016516,,,0.4152443,"no RW and OW, debris "
2012-08-21 00:00:00,"Ambient, Ambient ",Ambient,Ambient ,16,1st molt,2.58253,2.983414,0.867727,1.473775,0.4438064,
2012-10-24 00:00:00,"Ambient, Ambient ",Ambient,Ambient ,16,dead,3.176555,3.711055,0.9584478,1.690946,0.5083038,
2012-10-14 00:00:00,"Ambient, Ambient ",Ambient,Ambient ,17,dead,3.076989,3.453275,0.9567914,1.686514,0.4195938,
2012-08-14 00:00:00,"Ambient, Ambient ",Ambient,Ambient ,18,1st molt,2.76748,3.131971,0.904053,1.575435,0.4138996,
2012-09-20 00:00:00,"Ambient, Ambient ",Ambient,Ambient ,18,2nd molt,3.261674,3.638525,1.022462,1.712134,0.4771262,
2012-12-15 00:00:00,"Ambient, Ambient ",Ambient,Ambient ,18,3rd molt,3.434845,3.959892,1.01615,1.783196,0.4985613,
2013-02-04 00:00:00,"Ambient, Ambient ",Ambient,Ambient ,18,End,3.516139,4.269024,1.067642,1.839371,0.5155718,
2012-08-22 00:00:00,"Ambient, Ambient ",Ambient,Ambient ,19,1st molt,2.768676,3.194727,0.9163482,1.591071,0.4735842,
2012-10-04 00:00:00,"Ambient, Ambient ",Ambient,Ambient ,19,2nd molt,3.249341,,1.031146,1.827473,0.4692294,
2012-12-10 00:00:00,"Ambient, Ambient ",Ambient,Ambient ,19,3rd molt,3.2255,3.859811,1.003405,1.778281,0.4608535,
2013-02-04 00:00:00,"Ambient, Ambient ",Ambient,Ambient ,19,End,3.336916,4.181061,1.002541,1.759879,0.4726023,
2012-08-27 00:00:00,"Ambient, Ambient ",Ambient,Ambient ,20,1st molt,2.772875,3.136756,0.9447152,1.526565,0.4190928,
2012-10-22 00:00:00,"Ambient, Ambient ",Ambient,Ambient ,20,2nd molt,3.095687,3.482561,0.9656291,1.698866,0.4396776,
2013-02-04 00:00:00,"Ambient, Ambient ",Ambient,Ambient ,20,End,2.952105,3.514517,0.8902616,1.587541,0.4697862,
2012-08-23 00:00:00,"Ambient, Ambient ",Ambient,Ambient ,21,1st molt,2.713403,3.145785,0.8815004,1.570233,0.4723809,
2012-08-21 00:00:00,"Ambient, Ambient ",Ambient,Ambient ,22,1st molt,2.623922,3.029688,0.9437071,1.474788,0.4173717,
2012-10-10 00:00:00,"Ambient, Ambient ",Ambient,Ambient ,22,2nd molt,3.193841,3.653405,1.053222,1.702883,0.474143,
2012-11-13 00:00:00,"Ambient, Ambient ",Ambient,Ambient ,22,dead,3.200397,3.731181,1.092308,1.656188,0.4535564,
2012-11-13 00:00:00,"Ambient, Ambient ",Ambient,Ambient ,22,dead,3.171557,3.712728,1.119858,1.669239,0.4746825,
2012-08-09 00:00:00,"Ambient, Ambient ",Ambient,Ambient ,23,1st molt,3.077911,3.401075,1.014528,1.617724,0.4304879,
2012-09-10 00:00:00,"Ambient, Ambient ",Ambient,Ambient ,23,2nd molt,3.895022,4.29542,1.122741,1.892194,0.5173696,
2012-11-07 00:00:00,"Ambient, Ambient ",Ambient,Ambient ,23,dead,,4.673863,1.368074,2.09086,0.5239372,
2012-11-07 00:00:00,"Ambient, Ambient ",Ambient,Ambient ,23,dead,,4.58899,1.317108,2.047935,0.5054948,"no CW, broken carapace"
2012-08-10 00:00:00,"Ambient, Ambient ",Ambient,Ambient ,24,1st molt,2.626269,3.009171,0.8157457,1.467704,0.383193,
2012-08-31 00:00:00,"Ambient, Ambient ",Ambient,Ambient ,24,dead,3.348337,3.653962,1.033124,1.705364,0.3827869,
2012-08-18 00:00:00,"Ambient, Ambient ",Ambient,Ambient ,25,1st molt,2.71279,3.026042,0.9182774,,0.4052341,"no OW, broken carapace"
2012-09-25 00:00:00,"Ambient, Ambient ",Ambient,Ambient ,25,2nd molt,2.933302,3.368544,1.027299,1.545713,0.4045183,
2012-12-12 00:00:00,"Ambient, Ambient ",Ambient,Ambient ,25,3rd molt,2.793133,,0.9726324,1.581129,0.468559,"no CL, broken carapace"
2012-08-25 00:00:00,"Ambient, Ambient ",Ambient,Ambient ,26,1st molt,"2.674924
",3.065761,0.9789622,1.489232,0.4426096,
2012-10-07 00:00:00,"Ambient, Ambient ",Ambient,Ambient ,26,2nd molt,3.297088,3.641474,1.046271,1.720858,0.4186895,
2013-02-04 00:00:00,"Ambient, Ambient ",Ambient,Ambient ,26,End,3.151615,3.745835,0.8980825,1.610552,0.4132532,
2012-08-10 00:00:00,"Ambient, Ambient ",Ambient,Ambient ,27,1st molt,3.03673,3.413789,0.9529108,1.652126,0.4230561,
2012-09-20 00:00:00,"Ambient, Ambient ",Ambient,Ambient ,27,2nd molt,3.750218,4.242193,1.098918,1.85727,0.5520483,
2012-12-08 00:00:00,"Ambient, Ambient ",Ambient,Ambient ,27,3rd molt,,4.477074,1.152799,1.919065,0.5382014,
2013-02-04 00:00:00,"Ambient, Ambient ",Ambient,Ambient ,27,End,3.744983,4.385465,1.101958,1.87092,0.5081451,
2012-08-12 00:00:00,"Ambient, Ambient ",Ambient,Ambient ,28,1st molt,2.60927,3.012954,0.8971012,1.493027,0.4568253,
2012-09-13 00:00:00,"Ambient, Ambient ",Ambient,Ambient ,28,2nd molt,3.32297,3.73394,1.079811,1.680342,0.4700628,
2012-11-11 00:00:00,"Ambient, Ambient ",Ambient,Ambient ,28,3rd molt,3.638961,4.093079,1.148028,1.89944,0.5021757,
2012-11-11 00:00:00,"Ambient, Ambient ",Ambient,Ambient ,28,3rd molt,3.623775,4.108676,1.140722,1.91981,0.5067688,
2013-02-04 00:00:00,"Ambient, Ambient ",Ambient,Ambient ,28,End,3.235589,4.028009,0.999926,1.760592,0.5027527,
2012-08-11 00:00:00,"Ambient, Ambient ",Ambient,Ambient ,29,1st molt,3.047528,3.51483,0.917671,1.65052,0.4749443,
2012-09-14 00:00:00,"Ambient, Ambient ",Ambient,Ambient ,29,2nd molt,4.025756,4.51344,1.097056,2.015722,0.5603631,
2012-11-08 00:00:00,"Ambient, Ambient ",Ambient,Ambient ,29,3rd molt,4.178694,4.973056,1.307385,,0.5523943,"no OW, broken carapace"
2012-11-08 00:00:00,"Ambient, Ambient ",Ambient,Ambient ,29,3rd molt,4.125994,4.957275,1.358317,,0.570522,"no OW, broken carapace"
2012-11-19 00:00:00,"Ambient, Ambient ",Ambient,Ambient ,29,dead,,5.427162,1.290094,2.211176,0.5265944,"no CW, broken carapace"
2012-11-19 00:00:00,"Ambient, Ambient ",Ambient,Ambient ,29,dead,5.413219,4.364153,1.342605,2.193847,0.5862536,
2012-08-16 00:00:00,"Ambient, Ambient ",Ambient,Ambient ,30,1st molt,2.984091,3.290006,0.9947107,1.648551,0.3840863,
2012-09-25 00:00:00,"Ambient, Ambient ",Ambient,Ambient ,30,2nd molt,3.422582,3.867866,1.122633,1.755218,0.5050984,
2013-02-04 00:00:00,"Ambient, Ambient ",Ambient,Ambient ,30,End,3.699866,4.431153,1.240338,1.896338,0.5644504,
2012-08-16 00:00:00,"Ambient, Ambient +2",Ambient,Ambient +2,1,1st molt,2.622586,3.023675,0.8556825,1.516774,0.4043975,
2012-09-18 00:00:00,"Ambient, Ambient +2",Ambient,Ambient +2,1,2nd molt,3.185543,3.561769,0.9460098,1.711117,0.4920408,
2012-11-06 00:00:00,"Ambient, Ambient +2",Ambient,Ambient +2,1,3rd molt,3.303481,3.781702,1.040514,1.728478,0.4864492,
2012-08-13 00:00:00,"Ambient, Ambient +2",Ambient,Ambient +2,2,1st molt,2.752945,3.083357,0.8698166,1.575301,0.4717243,
2012-09-15 00:00:00,"Ambient, Ambient +2",Ambient,Ambient +2,2,2nd molt,3.48442,3.897858,,,0.5021987,"no OW or RW, broken carapace"
2013-02-04 00:00:00,"Ambient, Ambient +2",Ambient,Ambient +2,2,End,3.406562,4.235626,1.089916,1.940751,0.5607532,
2012-08-14 00:00:00,"Ambient, Ambient +2",Ambient,Ambient +2,3,1st molt,2.91758,3.342638,0.8904901,1.562583,0.4174534,
2012-09-22 00:00:00,"Ambient, Ambient +2",Ambient,Ambient +2,3,2nd molt,3.63291,4.110164,1.12464,1.774264,0.5296029,
2012-12-01 00:00:00,"Ambient, Ambient +2",Ambient,Ambient +2,3,3rd molt,3.77202,4.254395,1.052643,1.769154,0.5305205,
2013-02-04 00:00:00,"Ambient, Ambient +2",Ambient,Ambient +2,3,End,3.534603,4.349722,1.195222,1.733434,0.512712,
2012-08-11 00:00:00,"Ambient, Ambient +2",Ambient,Ambient +2,4,1st molt,2.51329,2.897969,0.8838295,1.424421,0.4271151,
2012-09-05 00:00:00,"Ambient, Ambient +2",Ambient,Ambient +2,4,2nd molt,3.23204,3.720276,1.037966,1.616076,0.5426009,
2012-10-25 00:00:00,"Ambient, Ambient +2",Ambient,Ambient +2,4,dead,3.714555,4.230591,1.161196,1.874373,1.874373,
2012-08-19 00:00:00,"Ambient, Ambient +2",Ambient,Ambient +2,5,1st molt,2.594867,2.958403,0.8833928,1.439877,0.3978843,
2012-09-26 00:00:00,"Ambient, Ambient +2",Ambient,Ambient +2,5,2nd molt,2.999392,3.380919,0.9223643,1.626152,0.4637938,
2012-12-02 00:00:00,"Ambient, Ambient +2",Ambient,Ambient +2,5,3rd molt,2.906377,3.394494,0.9365642,1.54672,0.4508148,
2012-12-10 00:00:00,"Ambient, Ambient +2",Ambient,Ambient +2,5,dead,2.976733,3.393637,0.831046,,0.4310057,"no OW, broken carapace"
2012-08-15 00:00:00,"Ambient, Ambient +2",Ambient,Ambient +2,6,1st molt,2.590959,2.987551,0.8610561,1.451664,0.4001567,
2012-09-17 00:00:00,"Ambient, Ambient +2",Ambient,Ambient +2,6,2nd molt,3.137951,3.494396,0.9421033,1.648869,0.4523311,
2012-11-13 00:00:00,"Ambient, Ambient +2",Ambient,Ambient +2,6,dead,,,0.9904233,1.62396,0.4121246,
2012-11-13 00:00:00,"Ambient, Ambient +2",Ambient,Ambient +2,6,dead,,,0.982862,1.630597,0.4649526,"no CW or CL, broken carapace"
2012-08-16 00:00:00,"Ambient, Ambient +2",Ambient,Ambient +2,7,1st molt,2.729045,3.133559,0.8540843,1.500434,0.4330823,
2012-10-06 00:00:00,"Ambient, Ambient +2",Ambient,Ambient +2,7,dead,3.317966,3.776426,1.032574,1.741453,0.4818741,
2012-08-27 00:00:00,"Ambient, Ambient +2",Ambient,Ambient +2,8,1st molt,,2.894969,0.8801034,1.460935,0.4044112,"no CW, broken carapace"
2012-08-21 00:00:00,"Ambient, Ambient +2",Ambient,Ambient +2,9,1st molt,2.534912,2.916956,1.42615,0.8264353,0.4056157,
2012-08-17 00:00:00,"Ambient, Ambient +2",Ambient,Ambient +2,10,1st molt,2.559903,2.931682,0.9182774,1.474788,0.4150258,
2012-09-23 00:00:00,"Ambient, Ambient +2",Ambient,Ambient +2,10,2nd molt,3.045575,3.411596,1.047721,1.641444,0.4599905,
2012-10-04 00:00:00,"Ambient, Ambient +2",Ambient,Ambient +2,10,dead,3.187404,3.61214,0.9845161,1.693396,0.4144243,
2012-08-10 00:00:00,"Ambient, Ambient +2",Ambient,Ambient +2,11,1st molt,"3.016377
",3.439562,0.9323487,1.638346,0.4335875,
2012-09-08 00:00:00,"Ambient, Ambient +2",Ambient,Ambient +2,11,2nd molt,3.762051,4.282287,1.219647,1.853579,0.5485924,
2012-10-21 00:00:00,"Ambient, Ambient +2",Ambient,Ambient +2,11,3rd molt,4.398503,4.979916,1.227342,2.148,0.6416792,
2013-02-04 00:00:00,"Ambient, Ambient +2",Ambient,Ambient +2,11,End,4.226107,5.057944,1.168764,2.058005,0.6048729,
2012-08-20 00:00:00,"Ambient, Ambient +2",Ambient,Ambient +2,12,1st molt,2.699013,3.038751,0.9043673,1.523474,0.3885948,
2012-09-29 00:00:00,"Ambient, Ambient +2",Ambient,Ambient +2,12,2nd molt,3.131636,3.543679,0.9622213,1.685336,0.4929386,
2012-11-20 00:00:00,"Ambient, Ambient +2",Ambient,Ambient +2,12,3rd molt,3.062513,3.623015,1.021418,1.611476,0.4763374,
2013-02-04 00:00:00,"Ambient, Ambient +2",Ambient,Ambient +2,12,End,3.170527,3.593617,0.8855359,1.612332,0.3969644,
2012-08-17 00:00:00,"Ambient, Ambient +2",Ambient,Ambient +2,13,1st molt,2.608592,3.019992,0.9043673,1.433057,0.4279402,
2012-09-20 00:00:00,"Ambient, Ambient +2",Ambient,Ambient +2,13,2nd molt,3.080164,3.602794,1.050102,1.59942,0.4873515,
2012-10-17 00:00:00,"Ambient, Ambient +2",Ambient,Ambient +2,13,dead,3.687931,3.19161,0.9679482,,,"no OW or SL, broken carapace"
2012-08-09 00:00:00,"Ambient, Ambient +2",Ambient,Ambient +2,14,1st molt,2.817383,3.200499,0.8911457,1.508064,0.3975763,
2012-09-11 00:00:00,"Ambient, Ambient +2",Ambient,Ambient +2,14,2nd molt,3.461817,3.871798,1.061231,1.759225,0.4495207,
2012-09-28 00:00:00,"Ambient, Ambient +2",Ambient,Ambient +2,14,dead,3.711867,4.228986,1.112187,,0.469976,"no OW, blocked by eyeballs"
2012-08-13 00:00:00,"Ambient, Ambient +2",Ambient,Ambient +2,15,1st molt,2.581743,2.978136,0.9247218,1.452201,0.4509878,
2012-09-10 00:00:00,"Ambient, Ambient +2",Ambient,Ambient +2,15,2nd molt,3.161008,3.609578,1.074408,1.698068,0.4909324,
2012-11-02 00:00:00,"Ambient, Ambient +2",Ambient,Ambient +2,15,3rd molt,3.290508,3.878552,1.162546,1.795403,0.5127632,
2013-01-13 00:00:00,"Ambient, Ambient +2",Ambient,Ambient +2,15,dead,3.4044,4.055506,0.9995003,1.837713,0.5044977,
2012-08-22 00:00:00,"Ambient, Ambient +2",Ambient,Ambient +2,16,1st molt,2.701079,3.076662,0.8679729,1.60533,"0.4030351
",
2012-09-23 00:00:00,"Ambient, Ambient +2",Ambient,Ambient +2,16,2nd molt,3.087417,3.516382,1.083455,1.650543,0.4904307,
2012-12-21 00:00:00,"Ambient, Ambient +2",Ambient,Ambient +2,16,dead,3.083392,3.708981,1.014179,1.637784,0.4837225,
2012-08-27 00:00:00,"Ambient, Ambient +2",Ambient,Ambient +2,17,1st molt,2.56724,3.010889,0.8899521,1.464971,0.4747697,
2012-10-09 00:00:00,"Ambient, Ambient +2",Ambient,Ambient +2,17,dead,2.994206,3.418179,1.032849,1.659368,0.4033587,
2012-08-11 00:00:00,"Ambient, Ambient +2",Ambient,Ambient +2,18,1st molt,2.588808,2.948551,0.8902794,1.417623,0.4019432,
2012-09-13 00:00:00,"Ambient, Ambient +2",Ambient,Ambient +2,18,2nd molt,3.260533,3.688084,1.038364,1.672163,0.5178134,
2012-09-28 00:00:00,"Ambient, Ambient +2",Ambient,Ambient +2,18,dead,3.43882,3.897828,1.071167,1.733454,0.4778341,
2012-08-16 00:00:00,"Ambient, Ambient +2",Ambient,Ambient +2,19,1st molt,2.447767,2.781153,0.8267759,1.455495,0.375542,
2012-11-02 00:00:00,"Ambient, Ambient +2",Ambient,Ambient +2,19,dead,3.120058,3.481507,1.000472,1.709979,0.4125186,
2012-08-13 00:00:00,"Ambient, Ambient +2",Ambient,Ambient +2,20,1st molt,2.787858,3.190664,0.8560399,1.506722,0.4673295,
2012-10-06 00:00:00,"Ambient, Ambient +2",Ambient,Ambient +2,20,dead,3.503988,3.928259,1.109565,,0.5410223,
2012-08-11 00:00:00,"Ambient, Ambient +2",Ambient,Ambient +2,21,1st molt,2.677616,3.045465,0.8491921,1.53399,0.4316477,
2012-09-09 00:00:00,"Ambient, Ambient +2",Ambient,Ambient +2,21,2nd molt,3.389971,3.728545,1.062609,1.771167,0.5120038,
2012-10-27 00:00:00,"Ambient, Ambient +2",Ambient,Ambient +2,21,3rd molt,3.482442,3.994434,1.066251,1.83181,0.5046332,
2013-02-04 00:00:00,"Ambient, Ambient +2",Ambient,Ambient +2,21,End,3.362749,4.034699,1.728295,0.7533678,0.4695571,
2012-08-09 00:00:00,"Ambient, Ambient +2",Ambient,Ambient +2,22,1st molt,2.755649,3.105087,0.9185639,1.521773,0.421944,
2012-09-08 00:00:00,"Ambient, Ambient +2",Ambient,Ambient +2,22,2nd molt,3.42116,3.856448,1.101071,1.714003,0.4827586,
2012-11-05 00:00:00,"Ambient, Ambient +2",Ambient,Ambient +2,22,dead,3.561425,4.150251,1.187087,1.844634,0.5262315,
2012-08-22 00:00:00,"Ambient, Ambient +2",Ambient,Ambient +2,23,1st molt,2.672084,3.044406,0.9229235,1.446277,0.4109013,
2012-09-26 00:00:00,"Ambient, Ambient +2",Ambient,Ambient +2,23,2nd molt,3.092348,3.586205,0.9297385,1.652823,0.4660665,
2012-12-01 00:00:00,"Ambient, Ambient +2",Ambient,Ambient +2,23,3rd molt,3.143965,3.858842,1.061309,1.785657,0.4519714,
2013-01-27 00:00:00,"Ambient, Ambient +2",Ambient,Ambient +2,23,4th molt,,,,,0.5173571,"no CW, CL, RW or OW, broken carapace"
2013-01-27 00:00:00,"Ambient, Ambient +2",Ambient,Ambient +2,23,4th molt,,3.80228,0.9089737,,0.4708035,"no CW or OW, broken carapace"
2013-02-04 00:00:00,"Ambient, Ambient +2",Ambient,Ambient +2,23,End,3.401421,4.211869,1.109741,1.830341,0.4812497,
2012-08-09 00:00:00,"Ambient, Ambient +2",Ambient,Ambient +2,24,1st molt,2.825169,3.25879,0.8509852,1.587244,0.4230561,
2012-09-06 00:00:00,"Ambient, Ambient +2",Ambient,Ambient +2,24,2nd molt,3.489766,3.967114,1.044861,,0.5171919,"no OW, broken carapace"
2012-10-25 00:00:00,"Ambient, Ambient +2",Ambient,Ambient +2,24,3rd molt,3.689406,4.287217,1.117996,1.943551,0.547288,
2012-11-02 00:00:00,"Ambient, Ambient +2",Ambient,Ambient +2,24,dead,,,1.094028,,0.4693332,"no CW, CL, or OW, full molt"
2012-09-30 00:00:00,"Ambient, Ambient +2",Ambient,Ambient +2,25,2nd molt,2.79838,3.28552,0.9009176,1.583446,0.4395725,
2012-12-24 00:00:00,"Ambient, Ambient +2",Ambient,Ambient +2,25,dead,2.775425,3.322708,0.7693654,,0.4141278,"no OW, broken carapace"
2012-08-20 00:00:00,"Ambient, Ambient +2",Ambient,Ambient +2,26,1st molt,2.588034,3.034999,0.8771267,1.514044,0.4051744,
2012-10-01 00:00:00,"Ambient, Ambient +2",Ambient,Ambient +2,26,dead,3.248828,3.705488,1.024134,1.693128,0.4834777,
2012-08-26 00:00:00,"Ambient, Ambient +2",Ambient,Ambient +2,27,1st molt,2.647305,3.080622,0.9655439,1.489344,0.4243548,
2012-08-17 00:00:00,"Ambient, Ambient +2",Ambient,Ambient +2,28,1st molt,2.692237,3.031872,0.9112162,1.502528,0.4034392,
2012-09-18 00:00:00,"Ambient, Ambient +2",Ambient,Ambient +2,28,2nd molt,3.066321,3.496842,1.022083,1.647981,0.4967831,
2012-11-28 00:00:00,"Ambient, Ambient +2",Ambient,Ambient +2,28,3rd molt,3.05849,3.660784,0.9802429,1.648616,0.4939678,
2012-08-27 00:00:00,"Ambient, Ambient +2",Ambient,Ambient +2,29,1st molt,2.574385,2.947936,0.9310999,,0.3944981,"no OW, broken carapace"
2012-08-25 00:00:00,"Ambient, Ambient +2",Ambient,Ambient +2,30,1st molt,2.433596,2.784712,0.8893169,1.358261,0.4501688,
2012-12-13 00:00:00,"Ambient, Ambient +2",Ambient,Ambient +2,30,3rd molt,2.380816,3.079945,0.6951837,1.391838,0.3862063,
2012-08-08 00:00:00,"Ambient, Ambient +4",Ambient,Ambient +4,1,1st molt,2.831018,3.166664,0.8842911,1.590675,0.4081895,
2012-09-03 00:00:00,"Ambient, Ambient +4",Ambient,Ambient +4,1,2nd molt,3.26515,3.778436,1.067599,1.740066,0.5121475,
2012-10-11 00:00:00,"Ambient, Ambient +4",Ambient,Ambient +4,1,3rd molt,3.528646,4.166619,1.065298,1.855725,0.5311237,
2012-12-02 00:00:00,"Ambient, Ambient +4",Ambient,Ambient +4,1,4th molt,,4.307705,1.074045,1.949415,0.4478572,"no CW, broken carapace"
2013-02-04 00:00:00,"Ambient, Ambient +4",Ambient,Ambient +4,1,End,,4.416683,1.160017,1.802404,0.4895248,"no CW, bad pic"
2012-08-14 00:00:00,"Ambient, Ambient +4",Ambient,Ambient +4,2,1st molt,2.65025,3.054667,0.8902794,1.51357,0.3904018,
2012-09-13 00:00:00,"Ambient, Ambient +4",Ambient,Ambient +4,2,2nd molt,3.072458,3.545004,0.9335208,1.61644,0.4827454,
2012-10-21 00:00:00,"Ambient, Ambient +4",Ambient,Ambient +4,2,3rd molt,3.16426,3.712553,0.9183056,1.623962,0.4552935,
2012-12-20 00:00:00,"Ambient, Ambient +4",Ambient,Ambient +4,2,4th molt,3.208835,3.780968,0.9701582,1.601837,0.476734,
2012-12-23 00:00:00,"Ambient, Ambient +4",Ambient,Ambient +4,2,dead,3.412923,3.783136,0.9119434,,0.4564091,"no OW, broken carapace"
2012-08-07 00:00:00,"Ambient, Ambient +4",Ambient,Ambient +4,3,1st molt,2.70072,3.080988,0.8979525,1.850286,0.4164537,
2012-08-31 00:00:00,"Ambient, Ambient +4",Ambient,Ambient +4,3,2nd molt,3.237866,3.79863,1.124083,1.719899,0.4980182,
2012-10-05 00:00:00,"Ambient, Ambient +4",Ambient,Ambient +4,3,dead,3.852596,4.387113,1.234419,1.957787,0.4529343,
2013-02-04 00:00:00,"Ambient, Ambient +4",Ambient,Ambient +4,3,End,3.345814,4.138576,0.9914618,1.745145,0.5271283,
2012-08-20 00:00:00,"Ambient, Ambient +4",Ambient,Ambient +4,4,1st molt,2.963265,3.306714,0.9740424,1.662812,0.4551698,
2012-09-24 00:00:00,"Ambient, Ambient +4",Ambient,Ambient +4,4,dead,2.952408,3.474055,1.034034,1.66672,0.477403,
2012-08-13 00:00:00,"Ambient, Ambient +4",Ambient,Ambient +4,5,1st molt,2.999851,3.385768,1.013611,1.555484,0.4602514,
2012-09-10 00:00:00,"Ambient, Ambient +4",Ambient,Ambient +4,5,2nd molt,3.486148,3.894134,1.129842,1.677278,0.5097474,
2012-10-19 00:00:00,"Ambient, Ambient +4",Ambient,Ambient +4,5,3rd molt,3.707595,4.18545,1.108148,1.824285,0.5184464,
2013-02-04 00:00:00,"Ambient, Ambient +4",Ambient,Ambient +4,5,End,2.866132,3.568179,1.009101,2.261182,0.4272483,
2012-08-20 00:00:00,"Ambient, Ambient +4",Ambient,Ambient +4,6,1st molt,3.151068,3.447014,0.966888,1.718095,0.4181038,
2012-09-22 00:00:00,"Ambient, Ambient +4",Ambient,Ambient +4,6,2nd molt,3.500084,3.926491,1.14604,1.830498,0.5087412,
2012-11-25 00:00:00,"Ambient, Ambient +4",Ambient,Ambient +4,6,3rd molt,3.472716,4.014437,0.9886827,1.75925,0.5410779,
2013-02-04 00:00:00,"Ambient, Ambient +4",Ambient,Ambient +4,6,End,3.382983,4.079902,0.9400684,1.724743,0.4404738,
2012-08-11 00:00:00,"Ambient, Ambient +4",Ambient,Ambient +4,7,1st molt,2.568074,2.941927,"0.8149527
",1.472485,0.433166,
2012-09-08 00:00:00,"Ambient, Ambient +4",Ambient,Ambient +4,7,2nd molt,3.06912,3.51301,1.039164,1.744371,0.471107,
2012-10-10 00:00:00,"Ambient, Ambient +4",Ambient,Ambient +4,7,3rd molt,,3.737743,1.018739,1.775882,0.5024746,"no CW, broken carapace"
2013-02-04 00:00:00,"Ambient, Ambient +4",Ambient,Ambient +4,7,End,3.361725,3.965938,0.870958,1.807867,0.4677205,
2012-08-07 00:00:00,"Ambient, Ambient +4",Ambient,Ambient +4,8,1st molt,2.939173,3.299229,0.9728491,1.579112,0.296591,
2012-09-05 00:00:00,"Ambient, Ambient +4",Ambient,Ambient +4,8,2nd molt,3.378317,3.77288,1.030907,1.630676,0.458725,
2012-10-11 00:00:00,"Ambient, Ambient +4",Ambient,Ambient +4,8,3rd molt,4.010971,4.397964,1.134311,1.967516,0.4757391,
2012-11-25 00:00:00,"Ambient, Ambient +4",Ambient,Ambient +4,8,dead,4.099587,4.554532,1.072973,1.952034,0.4839548,
2012-08-13 00:00:00,"Ambient, Ambient +4",Ambient,Ambient +4,9,1st molt,2.746097,3.041983,0.8834315,1.527372,0.4314847,
2012-11-04 00:00:00,"Ambient, Ambient +4",Ambient,Ambient +4,9,3rd molt,3.352024,3.864156,1.041912,1.80244,0.4681432,
2012-11-13 00:00:00,"Ambient, Ambient +4",Ambient,Ambient +4,9,dead,3.522122,3.994751,1.064662,,0.4038795,"no OW, broken carapace"
2012-11-13 00:00:00,"Ambient, Ambient +4",Ambient,Ambient +4,9,dead,3.506537,3.976093,1.147613,,0.4541634,"no OW, broken carapace"
2012-08-13 00:00:00,"Ambient, Ambient +4",Ambient,Ambient +4,10,1st molt,2.657063,3.047897,0.821772,1.45871,0.4028173,
2012-09-11 00:00:00,"Ambient, Ambient +4",Ambient,Ambient +4,10,2nd molt,3.227784,3.627145,0.9551581,1.609468,0.468954,
2012-10-21 00:00:00,"Ambient, Ambient +4",Ambient,Ambient +4,10,3rd molt,3.438379,3.938226,1.013566,1.732624,0.500673,
2012-12-01 00:00:00,"Ambient, Ambient +4",Ambient,Ambient +4,10,4th molt,3.375762,3.945305,1.020197,1.681341,0.448175,
2013-01-28 00:00:00,"Ambient, Ambient +4",Ambient,Ambient +4,10,5th molt,3.551567,4.044593,1.044362,1.713851,0.4558218,
2013-01-28 00:00:00,"Ambient, Ambient +4",Ambient,Ambient +4,10,5th molt,3.557476,4.052704,1.029226,1.691959,0.4537871,
2013-02-04 00:00:00,"Ambient, Ambient +4",Ambient,Ambient +4,10,End,3.461909,3.930422,1.031039,1.683112,0.5217946,
2012-08-20 00:00:00,"Ambient, Ambient +4",Ambient,Ambient +4,11,1st molt,2.838123,3.223561,0.8704821,1.587458,0.4326627,
2012-09-26 00:00:00,"Ambient, Ambient +4",Ambient,Ambient +4,11,dead,3.037258,3.487158,0.9641714,1.666654,0.5068208,
2012-08-18 00:00:00,"Ambient, Ambient +4",Ambient,Ambient +4,12,1st molt,2.566746,2.959998,0.9113223,,0.4204119,"no OW, broken carapace"
2012-09-17 00:00:00,"Ambient, Ambient +4",Ambient,Ambient +4,12,2nd molt,2.874856,3.347454,0.9288697,1.593596,0.4906968,
2012-08-10 00:00:00,"Ambient, Ambient +4",Ambient,Ambient +4,13,1st molt,3.073023,3.480214,0.938189,1.678677,0.4549795,
2012-09-08 00:00:00,"Ambient, Ambient +4",Ambient,Ambient +4,13,2nd molt,3.448628,3.878171,1.086785,1.804355,0.4879086,
2012-10-22 00:00:00,"Ambient, Ambient +4",Ambient,Ambient +4,13,dead,3.720642,4.355839,1.065185,1.949963,0.4900695,
2012-08-10 00:00:00,"Ambient, Ambient +4",Ambient,Ambient +4,14,1st molt,2.755692,3.200499,0.9185639,1.508048,0.4432335,
2012-09-06 00:00:00,"Ambient, Ambient +4",Ambient,Ambient +4,14,2nd molt,3.330202,3.814074,1.107706,1.720799,0.5321109,
2012-10-18 00:00:00,"Ambient, Ambient +4",Ambient,Ambient +4,14,3rd molt,3.639409,4.164675,1.099527,1.909503,0.5123149,
2013-02-04 00:00:00,"Ambient, Ambient +4",Ambient,Ambient +4,14,End,3.483338,4.297691,1.143954,1.764844,0.4749488,
2012-08-15 00:00:00,"Ambient, Ambient +4",Ambient,Ambient +4,15,1st molt,2.763622,3.1066,0.9027174,1.506863,0.4521459,
2012-09-11 00:00:00,"Ambient, Ambient +4",Ambient,Ambient +4,15,2nd molt,3.418045,3.751443,1.08055,1.807141,0.4867287,
2012-11-05 00:00:00,"Ambient, Ambient +4",Ambient,Ambient +4,15,3rd molt,3.54413,3.983044,1.08461,1.802258,0.496495,
2012-11-07 00:00:00,"Ambient, Ambient +4",Ambient,Ambient +4,15,dead,,,1.047634,1.743768,0.4089006,"no CW or CL, broken carapace"
2012-11-07 00:00:00,"Ambient, Ambient +4",Ambient,Ambient +4,15,dead,,,0.9605879,1.749315,0.4974477,"no CW or CL, broken carapace"
2012-08-06 00:00:00,"Ambient, Ambient +4",Ambient,Ambient +4,16,1st molt,2.825948,3.147326,0.8794917,1.532153,0.4085435,
2012-09-02 00:00:00,"Ambient, Ambient +4",Ambient,Ambient +4,16,2nd molt,3.610026,3.980912,1.119199,1.811246,0.5283589,
2012-10-08 00:00:00,"Ambient, Ambient +4",Ambient,Ambient +4,16,dead,4.117577,4.529562,1.197956,2.016511,0.5115853,
2012-08-18 00:00:00,"Ambient, Ambient +4",Ambient,Ambient +4,17,1st molt,2.719959,3.12244,0.9321875,1.551544,0.4063073,
2012-09-19 00:00:00,"Ambient, Ambient +4",Ambient,Ambient +4,17,2nd molt,2.898971,3.436712,0.9264134,1.628786,0.4389177,
2012-11-18 00:00:00,"Ambient, Ambient +4",Ambient,Ambient +4,17,3rd molt,2.929071,3.593883,0.8123599,,0.3946048,"no OW, broken carapace"
2012-11-18 00:00:00,"Ambient, Ambient +4",Ambient,Ambient +4,17,3rd molt,2.929816,3.59886,,,0.4299243,"no RW or OW, broken carapace"
2012-08-12 00:00:00,"Ambient, Ambient +4",Ambient,Ambient +4,18,1st molt,2.739249,3.092712,0.8972057,1.51343,0.4524413,
2012-09-09 00:00:00,"Ambient, Ambient +4",Ambient,Ambient +4,18,2nd molt,3.361258,3.771598,1.074297,1.760805,0.5147636,
2012-12-16 00:00:00,"Ambient, Ambient +4",Ambient,Ambient +4,18,dead,3.345022,4.028254,0.9746918,1.78416,0.4545095,
2012-08-16 00:00:00,"Ambient, Ambient +4",Ambient,Ambient +4,19,1st molt,2.472335,2.886982,0.8263092,1.451249,0.4227157,
2012-09-24 00:00:00,"Ambient, Ambient +4",Ambient,Ambient +4,19,2nd molt,2.830132,3.222166,0.9461884,1.517142,0.4525721,
2012-11-10 00:00:00,"Ambient, Ambient +4",Ambient,Ambient +4,19,3rd molt,2.971726,3.463069,1.009974,1.594179,0.4385268,
2012-11-10 00:00:00,"Ambient, Ambient +4",Ambient,Ambient +4,19,3rd molt,2.969861,3.463313,0.947146,1.594236,0.4239761,
2012-08-16 00:00:00,"Ambient, Ambient +4",Ambient,Ambient +4,20,1st molt,2.583168,2.997717,0.8124216,1.458209,0.4124392,
2012-09-10 00:00:00,"Ambient, Ambient +4",Ambient,Ambient +4,20,2nd molt,3.139649,3.531994,1.026069,1.614791,0.505917,
2012-10-26 00:00:00,"Ambient, Ambient +4",Ambient,Ambient +4,20,dead,,,0.97188,1.668149,0.4812396,
2012-08-22 00:00:00,"Ambient, Ambient +4",Ambient,Ambient +4,21,1st molt,2.645227,3.108171,0.8678363,1.453098,0.4250285,
2012-09-23 00:00:00,"Ambient, Ambient +4",Ambient,Ambient +4,21,2nd molt,2.89116,3.419944,1.02757,1.564624,0.4522652,
2012-11-07 00:00:00,"Ambient, Ambient +4",Ambient,Ambient +4,21,3rd molt,,3.584544,0.9432145,1.596101,0.4083466,"no CW, broken carapace"
2012-11-07 00:00:00,"Ambient, Ambient +4",Ambient,Ambient +4,21,dead,,3.563428,0.976864,1.579222,0.4203722,"no CW, broken carapace"
2012-08-21 00:00:00,"Ambient, Ambient +4",Ambient,Ambient +4,22,1st molt,2.87865,3.283313,0.8883871,1.625325,0.422847,
2012-08-16 00:00:00,"Ambient, Ambient +4",Ambient,Ambient +4,23,1st molt,2.874756,3.240899,0.9304917,1.604027,0.4416263,
2012-09-17 00:00:00,"Ambient, Ambient +4",Ambient,Ambient +4,23,2nd molt,3.355843,3.774444,0.9842497,1.739571,0.4502578,
2012-11-02 00:00:00,"Ambient, Ambient +4",Ambient,Ambient +4,23,3rd molt,3.358599,3.815944,1.085349,1.692205,0.511194,
2012-12-29 00:00:00,"Ambient, Ambient +4",Ambient,Ambient +4,23,4th molt,3.162686,3.733618,0.9565434,,0.4473457,
2013-01-16 00:00:00,"Ambient, Ambient +4",Ambient,Ambient +4,23,dead,3.109536,4.11664,,,0.4194718,"no RW or OW, broken carapace"
2012-08-13 00:00:00,"Ambient, Ambient +4",Ambient,Ambient +4,24,1st molt,2.643447,3.059415,0.8902531,1.499797,0.4406794,
2012-09-08 00:00:00,"Ambient, Ambient +4",Ambient,Ambient +4,24,2nd molt,3.385817,3.7331,1.107882,1.72125,0.473009,
2012-10-16 00:00:00,"Ambient, Ambient +4",Ambient,Ambient +4,24,3rd molt,3.368567,3.939693,1.111751,1.743071,0.5337152,
2012-12-13 00:00:00,"Ambient, Ambient +4",Ambient,Ambient +4,24,4th molt,3.379556,4.00925,1.057405,1.707178,0.5527619,
2012-08-07 00:00:00,"Ambient, Ambient +4",Ambient,Ambient +4,25,1st molt,2.968239,3.403423,0.9939644,1.672689,0.4617181,
2012-09-02 00:00:00,"Ambient, Ambient +4",Ambient,Ambient +4,25,2nd molt,3.667221,4.115647,1.130052,1.885794,0.524708,
2012-10-05 00:00:00,"Ambient, Ambient +4",Ambient,Ambient +4,25,3rd molt,4.079348,4.703457,1.174289,2.074395,0.5360517,
2012-11-20 00:00:00,"Ambient, Ambient +4",Ambient,Ambient +4,25,4th molt,3.990519,4.765884,1.131767,1.982016,0.5912946,
2013-01-09 00:00:00,"Ambient, Ambient +4",Ambient,Ambient +4,25,5th molt,4.13199,5.0576,1.109433,1.956035,0.6006139,
2013-02-04 00:00:00,"Ambient, Ambient +4",Ambient,Ambient +4,25,End,4.293893,5.192288,1.211908,1.947521,0.561009,
2012-08-18 00:00:00,"Ambient, Ambient +4",Ambient,Ambient +4,26,1st molt,2.844976,3.231716,0.9529766,1.655623,0.4356161,
2012-11-21 00:00:00,"Ambient, Ambient +4",Ambient,Ambient +4,26,3rd molt,2.99311,3.722226,1.020851,1.791669,0.4468765,
2012-08-23 00:00:00,"Ambient, Ambient +4",Ambient,Ambient +4,27,1st molt,2.692849,3.065056,0.8195489,1.52924,0.3787697,
2012-09-24 00:00:00,"Ambient, Ambient +4",Ambient,Ambient +4,27,dead,3.028926,,1.028313,1.694981,0.4154669,
2012-08-21 00:00:00,"Ambient, Ambient +4",Ambient,Ambient +4,28,1st molt,2.637615,3.033177,0.8335494,1.508334,0.4192425,
2012-09-22 00:00:00,"Ambient, Ambient +4",Ambient,Ambient +4,28,2nd molt,2.927166,3.381107,,1.524992,0.4919702,"no RW, debris on carapace"
2012-11-30 00:00:00,"Ambient, Ambient +4",Ambient,Ambient +4,28,3rd molt,2.935357,3.477238,0.9096218,1.536869,0.4530727,
2013-02-04 00:00:00,"Ambient, Ambient +4",Ambient,Ambient +4,28,End,2.981888,3.413588,0.7977141,1.602896,0.4433143,
2012-08-24 00:00:00,"Ambient, Ambient +4",Ambient,Ambient +4,29,1st molt,2.31637,2.678582,0.8893436,1.330546,0.3786016,
2012-09-21 00:00:00,"Ambient, Ambient +4",Ambient,Ambient +4,29,2nd molt,2.584387,2.956016,0.8526039,1.432975,0.3970908,
2012-11-03 00:00:00,"Ambient, Ambient +4",Ambient,Ambient +4,29,3rd molt,2.614537,3.114616,0.8257107,,0.3535134,"no OW, broken carapace"
2012-11-17 00:00:00,"Ambient, Ambient +4",Ambient,Ambient +4,29,dead,,,,,0.3179084,"no CW, CL, RW or OW, broken carapace"
2012-11-17 00:00:00,"Ambient, Ambient +4",Ambient,Ambient +4,29,dead,,,,,0.3580358,"no CW, CL, RW or OW, broken carapace"
2012-08-13 00:00:00,"Ambient, Ambient +4",Ambient,Ambient +4,30,1st molt,2.670794,3.070126,0.8560399,1.527265,0.4465991,
2012-09-09 00:00:00,"Ambient, Ambient +4",Ambient,Ambient +4,30,2nd molt,3.153348,3.582109,0.9564161,1.642498,0.4698872,
2012-10-19 00:00:00,"Ambient, Ambient +4",Ambient,Ambient +4,30,dead,3.427188,3.945149,0.9722435,1.790198,0.4468795,
