Date,Exp. Day,Tub ,pH,Temp Co
2012-08-05 00:00:00,1,1,8.08,10
2012-08-05 00:00:00,1,1,8.08,10
2012-08-05 00:00:00,1,1,8.08,10
2012-08-06 00:00:00,2,1,8.05,10.8
2012-08-06 00:00:00,2,1,8.05,10.8
2012-08-06 00:00:00,2,1,8.05,10.8
2012-08-07 00:00:00,3,1,8.03,10.8
2012-08-07 00:00:00,3,1,8.03,10.8
2012-08-07 00:00:00,3,1,8.02,10.8
2012-08-08 00:00:00,4,1,7.99,10.8
2012-08-08 00:00:00,4,1,7.99,10.8
2012-08-08 00:00:00,4,1,7.99,10.8
2012-08-09 00:00:00,5,1,8,11
2012-08-09 00:00:00,5,1,8,11.1
2012-08-09 00:00:00,5,1,8,11.1
2012-08-10 00:00:00,6,1,8.03,11.2
2012-08-10 00:00:00,6,1,8.03,11.2
2012-08-10 00:00:00,6,1,8.03,11.2
2012-08-11 00:00:00,7,1,8.02,10.9
2012-08-11 00:00:00,7,1,8.02,10.9
2012-08-11 00:00:00,7,1,8.02,10.9
2012-08-12 00:00:00,8,1,8,10.9
2012-08-12 00:00:00,8,1,8,10.9
2012-08-12 00:00:00,8,1,8,10.9
2012-08-13 00:00:00,9,1,8,10.9
2012-08-13 00:00:00,9,1,8,10.9
2012-08-13 00:00:00,9,1,8,10.9
2012-08-14 00:00:00,10,1,7.99,11.4
2012-08-14 00:00:00,10,1,8,11.4
2012-08-14 00:00:00,10,1,7.99,11.4
2012-08-15 00:00:00,11,1,7.99,10.9
2012-08-15 00:00:00,11,1,7.99,10.9
2012-08-15 00:00:00,11,1,7.99,11
2012-08-16 00:00:00,12,1,7.98,11.4
2012-08-16 00:00:00,12,1,7.98,11.4
2012-08-16 00:00:00,12,1,7.98,11.4
2012-08-17 00:00:00,13,1,8.01,10.7
2012-08-17 00:00:00,13,1,8.01,10.7
2012-08-17 00:00:00,13,1,8.01,10.8
2012-08-18 00:00:00,14,1,8.02,10.8
2012-08-18 00:00:00,14,1,8.02,10.8
2012-08-18 00:00:00,14,1,8.02,10.8
2012-08-19 00:00:00,15,1,8.01,10.6
2012-08-19 00:00:00,15,1,8.01,10.7
2012-08-19 00:00:00,15,1,8.01,10.7
2012-08-20 00:00:00,16,1,8,10.5
2012-08-20 00:00:00,16,1,8,10.5
2012-08-20 00:00:00,16,1,8,10.5
2012-08-21 00:00:00,17,1,8.02,10.5
2012-08-21 00:00:00,17,1,8.02,10.6
2012-08-21 00:00:00,17,1,8.02,10.6
2012-08-22 00:00:00,18,1,8.01,10.4
2012-08-22 00:00:00,18,1,8.01,10.4
2012-08-22 00:00:00,18,1,8.01,10.4
2012-08-23 00:00:00,19,1,8.02,10.6
2012-08-23 00:00:00,19,1,8.02,10.6
2012-08-23 00:00:00,19,1,8.02,10.7
2012-08-24 00:00:00,20,1,8.02,10.6
2012-08-24 00:00:00,20,1,8.02,10.6
2012-08-24 00:00:00,20,1,8.02,10.6
2012-08-25 00:00:00,21,1,8.04,10.7
2012-08-25 00:00:00,21,1,8.04,10.7
2012-08-25 00:00:00,21,1,8.04,10.7
2012-08-26 00:00:00,22,1,8.02,11.1
2012-08-26 00:00:00,22,1,8.03,11.1
2012-08-26 00:00:00,22,1,8.03,11
2012-08-27 00:00:00,23,1,8.04,11.1
2012-08-27 00:00:00,23,1,8.04,11.1
2012-08-27 00:00:00,23,1,8.04,11.1
2012-08-28 00:00:00,24,1,8.06,11
2012-08-28 00:00:00,24,1,8.06,11
2012-08-28 00:00:00,24,1,8.05,11
2012-08-29 00:00:00,25,1,8.05,11.1
2012-08-29 00:00:00,25,1,8.05,11.1
2012-08-29 00:00:00,25,1,8.06,11.1
2012-08-30 00:00:00,26,1,8.05,11.3
2012-08-30 00:00:00,26,1,8.06,11.3
2012-08-30 00:00:00,26,1,8.05,11.3
2012-08-31 00:00:00,27,1,8.03,11.1
2012-08-31 00:00:00,27,1,8.03,11.1
2012-08-31 00:00:00,27,1,8.03,11.1
2012-09-01 00:00:00,28,1,8.06,11
2012-09-01 00:00:00,28,1,8.06,11
2012-09-01 00:00:00,28,1,8.06,11
2012-09-02 00:00:00,29,1,8.05,11
2012-09-02 00:00:00,29,1,8.05,10.9
2012-09-02 00:00:00,29,1,8.04,11
2012-09-03 00:00:00,30,1,8.04,10.9
2012-09-03 00:00:00,30,1,8.04,10.9
2012-09-03 00:00:00,30,1,8.04,10.9
2012-09-04 00:00:00,31,1,8.04,10.9
2012-09-04 00:00:00,31,1,8.03,10.9
2012-09-04 00:00:00,31,1,8.03,10.9
2012-09-05 00:00:00,32,1,8.02,10.8
2012-09-05 00:00:00,32,1,8.02,10.8
2012-09-05 00:00:00,32,1,8.02,10.8
2012-09-06 00:00:00,33,1,8.02,10.8
2012-09-06 00:00:00,33,1,8.02,10.8
2012-09-06 00:00:00,33,1,8.01,10.8
2012-09-07 00:00:00,34,1,8.01,10.8
2012-09-07 00:00:00,34,1,8.01,10.8
2012-09-07 00:00:00,34,1,8.01,10.8
2012-09-08 00:00:00,35,1,8.02,10.8
2012-09-08 00:00:00,35,1,8.02,10.8
2012-09-08 00:00:00,35,1,8.02,10.8
2012-09-09 00:00:00,36,1,8.02,10.7
2012-09-09 00:00:00,36,1,8.02,10.7
2012-09-09 00:00:00,36,1,8.01,10.7
2012-09-10 00:00:00,37,1,8,10.6
2012-09-10 00:00:00,37,1,8,10.6
2012-09-10 00:00:00,37,1,8,10.6
2012-09-11 00:00:00,38,1,8,10.8
2012-09-11 00:00:00,38,1,8,10.8
2012-09-11 00:00:00,38,1,8,10.8
2012-09-12 00:00:00,39,1,8.01,10.8
2012-09-12 00:00:00,39,1,8.01,10.8
2012-09-12 00:00:00,39,1,8.01,10.8
2012-09-13 00:00:00,40,1,8.03,10.8
2012-09-13 00:00:00,40,1,8.02,10.8
2012-09-13 00:00:00,40,1,8.02,10.8
2012-09-14 00:00:00,41,1,8.04,10.8
2012-09-14 00:00:00,41,1,8.04,10.9
2012-09-14 00:00:00,41,1,8.04,10.9
2012-09-15 00:00:00,42,1,8.04,11
2012-09-15 00:00:00,42,1,8.03,11
2012-09-15 00:00:00,42,1,8.04,11
2012-09-16 00:00:00,43,1,8.02,11
2012-09-16 00:00:00,43,1,8.02,10.9
2012-09-16 00:00:00,43,1,8.02,10.9
2012-09-17 00:00:00,44,1,8,10.8
2012-09-17 00:00:00,44,1,8,10.8
2012-09-17 00:00:00,44,1,8,10.8
2012-09-18 00:00:00,45,1,7.99,10.8
2012-09-18 00:00:00,45,1,7.98,10.8
2012-09-18 00:00:00,45,1,7.98,10.7
2012-09-19 00:00:00,46,1,7.97,10.7
2012-09-19 00:00:00,46,1,7.97,10.7
2012-09-19 00:00:00,46,1,7.97,10.7
2012-09-20 00:00:00,47,1,7.96,10.5
2012-09-20 00:00:00,47,1,7.96,10.5
2012-09-20 00:00:00,47,1,7.96,10.5
2012-09-21 00:00:00,48,1,7.96,10.4
2012-09-21 00:00:00,48,1,7.96,10.4
2012-09-21 00:00:00,48,1,7.96,10.4
2012-09-22 00:00:00,49,1,7.94,10.5
2012-09-22 00:00:00,49,1,7.93,10.5
2012-09-22 00:00:00,49,1,7.94,10.5
2012-09-23 00:00:00,50,1,7.94,10.4
2012-09-23 00:00:00,50,1,7.93,10.5
2012-09-23 00:00:00,50,1,7.93,10.5
2012-09-24 00:00:00,51,1,7.96,10.4
2012-09-24 00:00:00,51,1,7.95,10.4
2012-09-24 00:00:00,51,1,7.96,10.4
2012-09-25 00:00:00,52,1,7.93,10.5
2012-09-25 00:00:00,52,1,7.93,10.4
2012-09-25 00:00:00,52,1,7.93,10.4
2012-09-26 00:00:00,53,1,7.91,10.4
2012-09-26 00:00:00,53,1,7.92,10.4
2012-09-26 00:00:00,53,1,7.92,10.4
2012-09-27 00:00:00,54,1,7.98,10.2
2012-09-27 00:00:00,54,1,7.98,10.2
2012-09-27 00:00:00,54,1,7.97,10.2
2012-09-28 00:00:00,55,1,7.99,10
2012-09-28 00:00:00,55,1,7.99,10
2012-09-28 00:00:00,55,1,7.99,10
2012-09-29 00:00:00,56,1,7.97,9.7
2012-09-29 00:00:00,56,1,7.97,9.7
2012-09-29 00:00:00,56,1,7.97,9.7
2012-09-30 00:00:00,57,1,7.89,9.7
2012-09-30 00:00:00,57,1,7.98,9.8
2012-09-30 00:00:00,57,1,7.98,9.8
2012-10-01 00:00:00,58,1,7.99,9.6
2012-10-01 00:00:00,58,1,7.99,9.6
2012-10-01 00:00:00,58,1,7.99,9.6
2012-10-02 00:00:00,59,1,8.04,9.7
2012-10-02 00:00:00,59,1,8.02,9.7
2012-10-02 00:00:00,59,1,8.02,9.7
2012-10-03 00:00:00,60,1,7.99,9.9
2012-10-03 00:00:00,60,1,7.99,9.9
2012-10-03 00:00:00,60,1,7.99,9.9
2012-10-04 00:00:00,61,1,7.98,9.8
2012-10-04 00:00:00,61,1,7.98,9.9
2012-10-04 00:00:00,61,1,7.98,9.9
2012-10-05 00:00:00,62,1,7.96,9.7
2012-10-05 00:00:00,62,1,7.96,9.7
2012-10-05 00:00:00,62,1,7.96,9.7
2012-10-06 00:00:00,63,1,,
2012-10-06 00:00:00,63,1,7.95,9.7
2012-10-06 00:00:00,63,1,7.95,9.7
2012-10-07 00:00:00,64,1,7.95,9.8
2012-10-07 00:00:00,64,1,7.95,9.8
2012-10-07 00:00:00,64,1,7.95,9.8
2012-10-08 00:00:00,65,1,7.93,9.5
2012-10-08 00:00:00,65,1,7.93,9.5
2012-10-08 00:00:00,65,1,7.92,9.6
2012-10-09 00:00:00,66,1,7.95,9.5
2012-10-09 00:00:00,66,1,7.95,9.5
2012-10-09 00:00:00,66,1,7.95,9.5
2012-10-10 00:00:00,67,1,7.96,9.7
2012-10-10 00:00:00,67,1,7.96,9.7
2012-10-10 00:00:00,67,1,7.95,9.6
2012-10-11 00:00:00,68,1,7.97,9.5
2012-10-11 00:00:00,68,1,7.97,9.5
2012-10-11 00:00:00,68,1,7.97,9.5
2012-10-12 00:00:00,69,1,7.97,9.5
2012-10-12 00:00:00,69,1,7.96,9.5
2012-10-12 00:00:00,69,1,7.97,9.5
2012-10-13 00:00:00,70,1,7.97,10
2012-10-13 00:00:00,70,1,7.96,10
2012-10-13 00:00:00,70,1,7.96,10
2012-10-14 00:00:00,71,1,7.95,9.8
2012-10-14 00:00:00,71,1,7.96,9.8
2012-10-14 00:00:00,71,1,7.96,9.8
2012-10-15 00:00:00,72,1,8,9.6
2012-10-15 00:00:00,72,1,8,9.6
2012-10-15 00:00:00,72,1,8,9.6
2012-10-16 00:00:00,73,1,8.02,9.1
2012-10-16 00:00:00,73,1,8.02,9.1
2012-10-16 00:00:00,73,1,8.02,9.1
2012-10-17 00:00:00,74,1,8.02,9.1
2012-10-17 00:00:00,74,1,8.03,9.1
2012-10-17 00:00:00,74,1,8.02,9.1
2012-10-18 00:00:00,75,1,8.03,9
2012-10-18 00:00:00,75,1,8.02,9
2012-10-18 00:00:00,75,1,8.02,9
2012-10-19 00:00:00,76,1,8.03,8.9
2012-10-19 00:00:00,76,1,8.03,8.9
2012-10-19 00:00:00,76,1,8.03,8.9
2012-10-20 00:00:00,77,1,8.02,8.6
2012-10-20 00:00:00,77,1,8.02,8.6
2012-10-20 00:00:00,77,1,8.02,8.6
2012-10-21 00:00:00,78,1,8.02,8.6
2012-10-21 00:00:00,78,1,8.02,8.5
2012-10-21 00:00:00,78,1,8.02,8.5
2012-10-22 00:00:00,79,1,8.06,8.4
2012-10-22 00:00:00,79,1,8.04,8.4
2012-10-22 00:00:00,79,1,8.04,8.4
2012-10-23 00:00:00,80,1,8.02,8.2
2012-10-23 00:00:00,80,1,8.02,8.2
2012-10-23 00:00:00,80,1,8.02,8.2
2012-10-24 00:00:00,81,1,8.03,8.3
2012-10-24 00:00:00,81,1,8.03,8.3
2012-10-24 00:00:00,81,1,8.03,8.3
2012-10-25 00:00:00,82,1,8.01,8.4
2012-10-25 00:00:00,82,1,8.01,8.4
2012-10-25 00:00:00,82,1,8.01,8.4
2012-10-26 00:00:00,83,1,8.04,8.5
2012-10-26 00:00:00,83,1,8.04,8.4
2012-10-26 00:00:00,83,1,8.03,8.4
2012-10-27 00:00:00,84,1,8.01,8.5
2012-10-27 00:00:00,84,1,8.01,8.5
2012-10-27 00:00:00,84,1,8.01,8.5
2012-10-28 00:00:00,85,1,7.97,8.5
2012-10-28 00:00:00,85,1,7.97,8.5
2012-10-28 00:00:00,85,1,7.97,8.5
2012-10-29 00:00:00,86,1,7.98,8.4
2012-10-29 00:00:00,86,1,7.98,8.3
2012-10-29 00:00:00,86,1,7.97,8.3
2012-10-30 00:00:00,87,1,8.02,8.2
2012-10-30 00:00:00,87,1,8.01,8.2
2012-10-30 00:00:00,87,1,8.01,8.1
2012-10-31 00:00:00,88,1,8.03,7.7
2012-10-31 00:00:00,88,1,8.02,7.7
2012-10-31 00:00:00,88,1,8.02,7.7
2012-11-01 00:00:00,89,1,8.03,7.6
2012-11-01 00:00:00,89,1,8.03,7.5
2012-11-01 00:00:00,89,1,8.02,7.5
2012-11-02 00:00:00,90,1,8.04,7.7
2012-11-02 00:00:00,90,1,8.04,7.7
2012-11-02 00:00:00,90,1,8.04,7.7
2012-11-03 00:00:00,91,1,8.02,8
2012-11-03 00:00:00,91,1,8.02,8
2012-11-03 00:00:00,91,1,8.02,8
2012-11-04 00:00:00,92,1,8.02,7.9
2012-11-04 00:00:00,92,1,8.02,7.9
2012-11-04 00:00:00,92,1,8.02,7.9
2012-11-05 00:00:00,93,1,8.02,7.9
2012-11-05 00:00:00,93,1,8.01,7.9
2012-11-05 00:00:00,93,1,8.01,7.9
2012-11-06 00:00:00,94,1,8,7.5
2012-11-06 00:00:00,94,1,8,7.5
2012-11-06 00:00:00,94,1,8,7.5
2012-11-07 00:00:00,95,1,8,7.5
2012-11-07 00:00:00,95,1,8,7.5
2012-11-07 00:00:00,95,1,8,7.5
2012-11-08 00:00:00,96,1,7.97,7.7
2012-11-08 00:00:00,96,1,7.97,7.7
2012-11-08 00:00:00,96,1,7.97,7.7
2012-11-09 00:00:00,97,1,7.97,7.8
2012-11-09 00:00:00,97,1,7.98,7.8
2012-11-09 00:00:00,97,1,7.97,7.8
2012-11-10 00:00:00,98,1,7.96,7.6
2012-11-10 00:00:00,98,1,7.96,7.6
2012-11-10 00:00:00,98,1,7.96,7.7
2012-11-11 00:00:00,99,1,7.96,7.9
2012-11-11 00:00:00,99,1,7.96,7.9
2012-11-11 00:00:00,99,1,7.96,7.9
2012-11-12 00:00:00,100,1,7.97,7.8
2012-11-12 00:00:00,100,1,7.97,7.8
2012-11-12 00:00:00,100,1,7.97,7.8
2012-11-13 00:00:00,101,1,8,8
2012-11-13 00:00:00,101,1,7.99,8
2012-11-13 00:00:00,101,1,7.98,7.9
2012-11-14 00:00:00,102,1,8.02,8
2012-11-14 00:00:00,102,1,8,8
2012-11-14 00:00:00,102,1,7.99,8
2012-11-15 00:00:00,103,1,8.01,8.1
2012-11-15 00:00:00,103,1,7.99,8.1
2012-11-15 00:00:00,103,1,7.99,8.1
2012-11-16 00:00:00,104,1,8.01,7.9
2012-11-16 00:00:00,104,1,8.01,7.9
2012-11-16 00:00:00,104,1,8.01,7.9
2012-11-17 00:00:00,105,1,7.99,7.5
2012-11-17 00:00:00,105,1,7.99,7.5
2012-11-17 00:00:00,105,1,7.99,7.5
2012-11-18 00:00:00,106,1,7.99,7.5
2012-11-18 00:00:00,106,1,7.98,7.6
2012-11-18 00:00:00,106,1,7.98,7.5
2012-11-19 00:00:00,107,1,8.01,7.3
2012-11-19 00:00:00,107,1,8,7.3
2012-11-19 00:00:00,107,1,8,7.3
2012-11-20 00:00:00,108,1,8.02,7.1
2012-11-20 00:00:00,108,1,8.02,7.1
2012-11-20 00:00:00,108,1,8.02,7.1
2012-11-21 00:00:00,109,1,8.02,7.1
2012-11-21 00:00:00,109,1,8.01,7.1
2012-11-21 00:00:00,109,1,8.01,7.1
2012-11-22 00:00:00,110,1,7.98,7.3
2012-11-22 00:00:00,110,1,7.98,7.3
2012-11-22 00:00:00,110,1,7.98,7.3
2012-11-23 00:00:00,111,1,8,6.9
2012-11-23 00:00:00,111,1,8,6.9
2012-11-23 00:00:00,111,1,7.99,6.9
2012-11-24 00:00:00,112,1,7.97,7
2012-11-24 00:00:00,112,1,7.97,7.1
2012-11-24 00:00:00,112,1,7.97,7
2012-11-25 00:00:00,113,1,7.96,7.3
2012-11-25 00:00:00,113,1,7.96,7.3
2012-11-25 00:00:00,113,1,7.96,7.3
2012-11-26 00:00:00,114,1,8,7.3
2012-11-26 00:00:00,114,1,7.99,7.3
2012-11-26 00:00:00,114,1,7.99,7.3
2012-11-27 00:00:00,115,1,7.98,7.6
2012-11-27 00:00:00,115,1,7.98,7.6
2012-11-27 00:00:00,115,1,7.98,7.6
2012-11-28 00:00:00,116,1,7.99,7.3
2012-11-28 00:00:00,116,1,7.98,7.3
2012-11-28 00:00:00,116,1,7.98,7.3
2012-11-29 00:00:00,117,1,8,7
2012-11-29 00:00:00,117,1,7.99,7
2012-11-29 00:00:00,117,1,7.99,7
2012-11-30 00:00:00,118,1,7.97,7
2012-11-30 00:00:00,118,1,7.97,7
2012-11-30 00:00:00,118,1,7.97,7
2012-12-01 00:00:00,119,1,7.97,6.9
2012-12-01 00:00:00,119,1,7.96,6.9
2012-12-01 00:00:00,119,1,7.97,6.9
2012-12-02 00:00:00,120,1,7.97,6.6
2012-12-02 00:00:00,120,1,7.97,6.6
2012-12-02 00:00:00,120,1,7.97,6.6
2012-12-03 00:00:00,121,1,7.99,6.4
2012-12-03 00:00:00,121,1,7.99,6.4
2012-12-03 00:00:00,121,1,7.99,6.4
2012-12-04 00:00:00,122,1,8.01,6.1
2012-12-04 00:00:00,122,1,8.01,6.1
2012-12-04 00:00:00,122,1,8,6.1
2012-12-05 00:00:00,123,1,8.01,6.2
2012-12-05 00:00:00,123,1,8,6.2
2012-12-05 00:00:00,123,1,8,6.2
2012-12-06 00:00:00,124,1,8.02,6.3
2012-12-06 00:00:00,124,1,8.01,6.3
2012-12-06 00:00:00,124,1,8,6.3
2012-12-07 00:00:00,125,1,7.98,6.2
2012-12-07 00:00:00,125,1,7.98,6.2
2012-12-07 00:00:00,125,1,7.98,6.2
2012-12-08 00:00:00,126,1,7.98,6.3
2012-12-08 00:00:00,126,1,7.98,6.3
2012-12-08 00:00:00,126,1,7.98,6.3
2012-12-09 00:00:00,127,1,7.97,6.6
2012-12-09 00:00:00,127,1,7.97,6.6
2012-12-09 00:00:00,127,1,7.97,6.6
2012-12-10 00:00:00,128,1,7.97,6.6
2012-12-10 00:00:00,128,1,7.97,6.6
2012-12-10 00:00:00,128,1,7.97,6.6
2012-12-11 00:00:00,129,1,7.96,6.4
2012-12-11 00:00:00,129,1,7.96,6.4
2012-12-11 00:00:00,129,1,7.96,6.4
2012-12-12 00:00:00,130,1,7.96,6.7
2012-12-12 00:00:00,130,1,7.96,6.7
2012-12-12 00:00:00,130,1,7.96,6.7
2012-12-13 00:00:00,131,1,7.97,6.6
2012-12-13 00:00:00,131,1,7.97,6.6
2012-12-13 00:00:00,131,1,7.97,6.6
2012-12-14 00:00:00,132,1,7.97,6.7
2012-12-14 00:00:00,132,1,7.97,6.7
2012-12-14 00:00:00,132,1,7.97,6.7
2012-12-15 00:00:00,133,1,7.96,6.7
2012-12-15 00:00:00,133,1,7.96,6.7
2012-12-15 00:00:00,133,1,7.96,6.7
2012-12-16 00:00:00,134,1,7.96,6
2012-12-16 00:00:00,134,1,7.95,6
2012-12-16 00:00:00,134,1,7.96,6.5
2012-12-17 00:00:00,135,1,7.98,5.5
2012-12-17 00:00:00,135,1,7.98,5.6
2012-12-17 00:00:00,135,1,7.98,5.6
2012-12-18 00:00:00,136,1,7.97,5.8
2012-12-18 00:00:00,136,1,7.96,5.8
2012-12-18 00:00:00,136,1,7.96,5.8
2012-12-19 00:00:00,137,1,7.97,5.7
2012-12-19 00:00:00,137,1,7.97,5.7
2012-12-19 00:00:00,137,1,7.97,5.7
2012-12-20 00:00:00,138,1,7.99,5.2
2012-12-20 00:00:00,138,1,7.99,5.2
2012-12-20 00:00:00,138,1,7.99,5.2
2012-12-21 00:00:00,139,1,7.99,5.5
2012-12-21 00:00:00,139,1,7.99,5.5
2012-12-21 00:00:00,139,1,7.99,5.5
2012-12-22 00:00:00,140,1,7.98,5.4
2012-12-22 00:00:00,140,1,7.98,5.4
2012-12-22 00:00:00,140,1,7.98,5.4
2012-12-23 00:00:00,141,1,7.99,5.7
2012-12-23 00:00:00,141,1,7.99,5.7
2012-12-23 00:00:00,141,1,7.99,5.7
2012-12-24 00:00:00,142,1,8,5.8
2012-12-24 00:00:00,142,1,7.99,5.8
2012-12-24 00:00:00,142,1,8,5.8
2012-12-25 00:00:00,143,1,7.98,5.9
2012-12-25 00:00:00,143,1,7.98,5.9
2012-12-25 00:00:00,143,1,7.98,5.9
2012-12-26 00:00:00,144,1,7.99,5.9
2012-12-26 00:00:00,144,1,7.98,5.9
2012-12-26 00:00:00,144,1,7.99,6
2012-12-27 00:00:00,145,1,8.01,6.2
2012-12-27 00:00:00,145,1,8.01,6.2
2012-12-27 00:00:00,145,1,8,6.2
2012-12-28 00:00:00,146,1,7.98,6.3
2012-12-28 00:00:00,146,1,7.98,6.3
2012-12-28 00:00:00,146,1,7.98,6.3
2012-12-29 00:00:00,147,1,7.95,6.6
2012-12-29 00:00:00,147,1,7.95,6.6
2012-12-29 00:00:00,147,1,7.95,6.6
2012-12-30 00:00:00,148,1,7.98,6.8
2012-12-30 00:00:00,148,1,7.98,6.8
2012-12-30 00:00:00,148,1,7.98,6.8
2012-12-31 00:00:00,149,1,7.99,6.4
2012-12-31 00:00:00,149,1,7.99,6.4
2012-12-31 00:00:00,149,1,7.99,6.4
2013-01-01 00:00:00,150,1,8,6.8
2013-01-01 00:00:00,150,1,8,6.8
2013-01-01 00:00:00,150,1,8,6.8
2013-01-02 00:00:00,151,1,7.98,6.6
2013-01-02 00:00:00,151,1,7.98,6.6
2013-01-02 00:00:00,151,1,7.98,6.6
2013-01-03 00:00:00,152,1,7.97,6.5
2013-01-03 00:00:00,152,1,7.97,6.5
2013-01-03 00:00:00,152,1,7.97,6.5
2013-01-04 00:00:00,153,1,7.99,6.6
2013-01-04 00:00:00,153,1,7.99,6.6
2013-01-04 00:00:00,153,1,7.99,6.6
2013-01-05 00:00:00,154,1,7.97,6.6
2013-01-05 00:00:00,154,1,7.97,6.6
2013-01-05 00:00:00,154,1,7.97,6.6
2013-01-06 00:00:00,155,1,7.98,6.7
2013-01-06 00:00:00,155,1,7.98,6.7
2013-01-06 00:00:00,155,1,7.98,6.7
2013-01-07 00:00:00,156,1,7.98,6.5
2013-01-07 00:00:00,156,1,7.98,6.5
2013-01-07 00:00:00,156,1,7.98,6.5
2013-01-08 00:00:00,157,1,8,6.4
2013-01-08 00:00:00,157,1,8,6.4
2013-01-08 00:00:00,157,1,8,6.4
2013-01-09 00:00:00,158,1,7.98,6.3
2013-01-09 00:00:00,158,1,7.98,6.3
2013-01-09 00:00:00,158,1,7.98,6.3
2013-01-10 00:00:00,159,1,7.99,6.6
2013-01-10 00:00:00,159,1,7.99,6.5
2013-01-10 00:00:00,159,1,7.98,6.5
2013-01-11 00:00:00,160,1,7.99,6.7
2013-01-11 00:00:00,160,1,7.98,6.7
2013-01-11 00:00:00,160,1,7.99,6.6
2013-01-12 00:00:00,161,1,7.98,6.5
2013-01-12 00:00:00,161,1,7.98,6.5
2013-01-12 00:00:00,161,1,7.98,6.5
2013-01-13 00:00:00,162,1,7.98,6.7
2013-01-13 00:00:00,162,1,7.98,6.7
2013-01-13 00:00:00,162,1,7.97,6.7
2013-01-14 00:00:00,163,1,7.98,6.7
2013-01-14 00:00:00,163,1,7.98,6.7
2013-01-14 00:00:00,163,1,7.99,6.7
2013-01-15 00:00:00,164,1,8.01,6.7
2013-01-15 00:00:00,164,1,8.01,6.6
2013-01-15 00:00:00,164,1,8.01,6.6
2013-01-16 00:00:00,165,1,7.98,6.6
2013-01-16 00:00:00,165,1,7.98,6.6
2013-01-16 00:00:00,165,1,7.98,6.6
2013-01-17 00:00:00,166,1,7.99,6.6
2013-01-17 00:00:00,166,1,7.99,6.6
2013-01-17 00:00:00,166,1,7.99,6.6
2013-01-18 00:00:00,167,1,7.99,6.3
2013-01-18 00:00:00,167,1,7.99,6.3
2013-01-18 00:00:00,167,1,7.99,6.3
2013-01-19 00:00:00,168,1,7.98,6.3
2013-01-19 00:00:00,168,1,7.98,6.3
2013-01-19 00:00:00,168,1,7.98,6.3
2013-01-20 00:00:00,169,1,7.96,6.5
2013-01-20 00:00:00,169,1,7.96,6.5
2013-01-20 00:00:00,169,1,7.96,6.5
2013-01-21 00:00:00,170,1,7.97,6.3
2013-01-21 00:00:00,170,1,7.97,6.3
2013-01-21 00:00:00,170,1,7.97,6.3
2013-01-22 00:00:00,171,1,7.98,6.7
2013-01-22 00:00:00,171,1,7.98,6.7
2013-01-22 00:00:00,171,1,7.98,6.7
2013-01-23 00:00:00,172,1,7.97,6.8
2013-01-23 00:00:00,172,1,7.97,6.7
2013-01-23 00:00:00,172,1,7.97,6.6
2013-01-24 00:00:00,173,1,7.98,6.9
2013-01-24 00:00:00,173,1,7.98,6.8
2013-01-24 00:00:00,173,1,7.97,6.8
2013-01-25 00:00:00,174,1,7.98,6.8
2013-01-25 00:00:00,174,1,7.98,6.7
2013-01-25 00:00:00,174,1,7.98,6.7
2013-01-26 00:00:00,175,1,7.99,6.2
2013-01-26 00:00:00,175,1,7.99,6.2
2013-01-26 00:00:00,175,1,7.99,6.2
2013-01-27 00:00:00,176,1,8,6.1
2013-01-27 00:00:00,176,1,8,6.1
2013-01-27 00:00:00,176,1,8,6.1
2013-01-28 00:00:00,177,1,7.97,6.1
2013-01-28 00:00:00,177,1,7.97,6.1
2013-01-28 00:00:00,177,1,7.97,6.1
2013-01-29 00:00:00,178,1,7.98,6.4
2013-01-29 00:00:00,178,1,7.97,6.4
2013-01-29 00:00:00,178,1,7.97,6.3
2013-01-30 00:00:00,179,1,7.97,6.6
2013-01-30 00:00:00,179,1,7.97,6.6
2013-01-30 00:00:00,179,1,7.97,6.6
2013-01-31 00:00:00,180,1,7.97,6.8
2013-01-31 00:00:00,180,1,7.97,6.8
2013-01-31 00:00:00,180,1,7.97,6.8
2013-02-01 00:00:00,181,1,7.95,6.9
2013-02-01 00:00:00,181,1,7.95,6.9
2013-02-01 00:00:00,181,1,7.95,6.9
2013-02-02 00:00:00,182,1,7.95,6.8
2013-02-02 00:00:00,182,1,7.95,6.8
2013-02-02 00:00:00,182,1,7.95,6.8
2013-02-03 00:00:00,183,1,7.95,7
2013-02-03 00:00:00,183,1,7.94,7
2013-02-03 00:00:00,183,1,7.94,7
2013-02-04 00:00:00,184,1,7.94,7.1
2013-02-04 00:00:00,184,1,7.94,7.1
2013-02-04 00:00:00,184,1,7.94,7.1
2012-08-05 00:00:00,1,2,8,14.6
2012-08-05 00:00:00,1,2,8,14.8
2012-08-05 00:00:00,1,2,8.01,14.6
2012-08-06 00:00:00,2,2,8.01,13.4
2012-08-06 00:00:00,2,2,8.01,13.5
2012-08-06 00:00:00,2,2,8.02,13.4
2012-08-07 00:00:00,3,2,7.97,15
2012-08-07 00:00:00,3,2,7.98,14.8
2012-08-07 00:00:00,3,2,7.98,14.7
2012-08-08 00:00:00,4,2,7.96,14.6
2012-08-08 00:00:00,4,2,7.94,14.7
2012-08-08 00:00:00,4,2,7.94,14.7
2012-08-09 00:00:00,5,2,7.96,14.4
2012-08-09 00:00:00,5,2,7.96,14.5
2012-08-09 00:00:00,5,2,7.96,14.4
2012-08-10 00:00:00,6,2,7.98,14.5
2012-08-10 00:00:00,6,2,7.98,14.6
2012-08-10 00:00:00,6,2,7.98,14.6
2012-08-11 00:00:00,7,2,7.98,13.8
2012-08-11 00:00:00,7,2,7.98,13.8
2012-08-11 00:00:00,7,2,7.98,13.8
2012-08-12 00:00:00,8,2,7.96,14.5
2012-08-12 00:00:00,8,2,7.96,14.4
2012-08-12 00:00:00,8,2,7.96,14.3
2012-08-13 00:00:00,9,2,7.95,14.5
2012-08-13 00:00:00,9,2,7.96,14.5
2012-08-13 00:00:00,9,2,7.95,14.4
2012-08-14 00:00:00,10,2,7.95,14.5
2012-08-14 00:00:00,10,2,7.95,14.3
2012-08-14 00:00:00,10,2,7.95,14.3
2012-08-15 00:00:00,11,2,7.94,14.5
2012-08-15 00:00:00,11,2,7.94,14.4
2012-08-15 00:00:00,11,2,7.94,14.4
2012-08-16 00:00:00,12,2,7.94,14.2
2012-08-16 00:00:00,12,2,7.94,14.2
2012-08-16 00:00:00,12,2,7.94,14.2
2012-08-17 00:00:00,13,2,7.99,13.5
2012-08-17 00:00:00,13,2,7.99,13.3
2012-08-17 00:00:00,13,2,7.99,13.2
2012-08-18 00:00:00,14,2,7.97,14
2012-08-18 00:00:00,14,2,7.98,14
2012-08-18 00:00:00,14,2,7.97,13.9
2012-08-19 00:00:00,15,2,7.95,14.4
2012-08-19 00:00:00,15,2,7.95,14.5
2012-08-19 00:00:00,15,2,7.95,14.5
2012-08-20 00:00:00,16,2,7.95,14.8
2012-08-20 00:00:00,16,2,7.95,14.7
2012-08-20 00:00:00,16,2,7.95,14.7
2012-08-21 00:00:00,17,2,7.95,14.8
2012-08-21 00:00:00,17,2,7.95,14.8
2012-08-21 00:00:00,17,2,7.95,14.9
2012-08-22 00:00:00,18,2,7.95,14.4
2012-08-22 00:00:00,18,2,7.95,14.4
2012-08-22 00:00:00,18,2,7.95,14.5
2012-08-23 00:00:00,19,2,7.96,14.3
2012-08-23 00:00:00,19,2,7.96,14.3
2012-08-23 00:00:00,19,2,7.96,14.3
2012-08-24 00:00:00,20,2,7.97,14.4
2012-08-24 00:00:00,20,2,7.96,14.4
2012-08-24 00:00:00,20,2,7.96,14.4
2012-08-25 00:00:00,21,2,7.98,14.2
2012-08-25 00:00:00,21,2,7.98,14.3
2012-08-25 00:00:00,21,2,7.98,14.2
2012-08-26 00:00:00,22,2,7.97,14.2
2012-08-26 00:00:00,22,2,7.97,14.1
2012-08-26 00:00:00,22,2,7.97,14.1
2012-08-27 00:00:00,23,2,7.97,15.6
2012-08-27 00:00:00,23,2,7.97,15.4
2012-08-27 00:00:00,23,2,7.97,15.2
2012-08-28 00:00:00,24,2,7.98,15.6
2012-08-28 00:00:00,24,2,7.99,15.2
2012-08-28 00:00:00,24,2,7.99,15.2
2012-08-29 00:00:00,25,2,7.98,15.4
2012-08-29 00:00:00,25,2,7.98,15.2
2012-08-29 00:00:00,25,2,7.99,15.1
2012-08-30 00:00:00,26,2,7.99,15.6
2012-08-30 00:00:00,26,2,8,15.3
2012-08-30 00:00:00,26,2,7.99,15.3
2012-08-31 00:00:00,27,2,7.97,15.5
2012-08-31 00:00:00,27,2,7.97,15.5
2012-08-31 00:00:00,27,2,7.97,15.3
2012-09-01 00:00:00,28,2,7.96,15.3
2012-09-01 00:00:00,28,2,7.96,15.3
2012-09-01 00:00:00,28,2,7.99,15.2
2012-09-02 00:00:00,29,2,7.99,15.2
2012-09-02 00:00:00,29,2,7.99,15.1
2012-09-02 00:00:00,29,2,7.99,15.1
2012-09-03 00:00:00,30,2,7.99,14.6
2012-09-03 00:00:00,30,2,7.98,14.6
2012-09-03 00:00:00,30,2,7.99,14.6
2012-09-04 00:00:00,31,2,7.99,14.6
2012-09-04 00:00:00,31,2,7.99,14.6
2012-09-04 00:00:00,31,2,7.99,14.7
2012-09-05 00:00:00,32,2,7.97,15.1
2012-09-05 00:00:00,32,2,7.95,15
2012-09-05 00:00:00,32,2,7.96,15
2012-09-06 00:00:00,33,2,7.96,14.6
2012-09-06 00:00:00,33,2,7.96,14.6
2012-09-06 00:00:00,33,2,7.96,14.6
2012-09-07 00:00:00,34,2,7.95,14.6
2012-09-07 00:00:00,34,2,7.95,14.5
2012-09-07 00:00:00,34,2,7.95,14.5
2012-09-08 00:00:00,35,2,7.95,15.1
2012-09-08 00:00:00,35,2,7.95,15.1
2012-09-08 00:00:00,35,2,7.96,15
2012-09-09 00:00:00,36,2,7.96,14.5
2012-09-09 00:00:00,36,2,7.96,14.5
2012-09-09 00:00:00,36,2,7.95,14.5
2012-09-10 00:00:00,37,2,7.94,14.7
2012-09-10 00:00:00,37,2,7.94,14.6
2012-09-10 00:00:00,37,2,7.94,14.6
2012-09-11 00:00:00,38,2,7.94,14.5
2012-09-11 00:00:00,38,2,7.95,14.4
2012-09-11 00:00:00,38,2,7.94,14.4
2012-09-12 00:00:00,39,2,7.95,14.3
2012-09-12 00:00:00,39,2,7.95,14.2
2012-09-12 00:00:00,39,2,7.95,14.1
2012-09-13 00:00:00,40,2,7.97,14.4
2012-09-13 00:00:00,40,2,7.97,14.3
2012-09-13 00:00:00,40,2,7.97,14.4
2012-09-14 00:00:00,41,2,7.99,15.4
2012-09-14 00:00:00,41,2,7.98,15.3
2012-09-14 00:00:00,41,2,7.98,15.2
2012-09-15 00:00:00,42,2,8,14.3
2012-09-15 00:00:00,42,2,7.99,14.3
2012-09-15 00:00:00,42,2,7.99,14.3
2012-09-16 00:00:00,43,2,7.97,14.4
2012-09-16 00:00:00,43,2,7.98,14.4
2012-09-16 00:00:00,43,2,7.97,14.4
2012-09-17 00:00:00,44,2,7.96,14.3
2012-09-17 00:00:00,44,2,7.95,14.1
2012-09-17 00:00:00,44,2,7.95,14.1
2012-09-18 00:00:00,45,2,7.93,14.1
2012-09-18 00:00:00,45,2,7.93,14.1
2012-09-18 00:00:00,45,2,7.93,14
2012-09-19 00:00:00,46,2,7.93,14
2012-09-19 00:00:00,46,2,7.93,13.9
2012-09-19 00:00:00,46,2,7.93,13.8
2012-09-20 00:00:00,47,2,7.91,14.1
2012-09-20 00:00:00,47,2,7.91,14
2012-09-20 00:00:00,47,2,7.91,14
2012-09-21 00:00:00,48,2,7.92,13.8
2012-09-21 00:00:00,48,2,7.93,13.7
2012-09-21 00:00:00,48,2,7.93,13.7
2012-09-22 00:00:00,49,2,7.89,14.4
2012-09-22 00:00:00,49,2,7.89,14.4
2012-09-22 00:00:00,49,2,7.89,14.4
2012-09-23 00:00:00,50,2,7.89,14.3
2012-09-23 00:00:00,50,2,7.88,14.3
2012-09-23 00:00:00,50,2,7.79,14.3
2012-09-24 00:00:00,51,2,7.91,14.1
2012-09-24 00:00:00,51,2,7.91,14
2012-09-24 00:00:00,51,2,7.91,13.9
2012-09-25 00:00:00,52,2,7.89,14.2
2012-09-25 00:00:00,52,2,7.89,14.2
2012-09-25 00:00:00,52,2,7.89,14.1
2012-09-26 00:00:00,53,2,7.86,14
2012-09-26 00:00:00,53,2,7.86,13.8
2012-09-26 00:00:00,53,2,7.87,13.7
2012-09-27 00:00:00,54,2,7.93,13.5
2012-09-27 00:00:00,54,2,7.93,13.6
2012-09-27 00:00:00,54,2,7.93,13.5
2012-09-28 00:00:00,55,2,7.93,14.1
2012-09-28 00:00:00,55,2,7.94,14
2012-09-28 00:00:00,55,2,7.94,14
2012-09-29 00:00:00,56,2,7.91,13.3
2012-09-29 00:00:00,56,2,7.93,13.3
2012-09-29 00:00:00,56,2,7.92,13.3
2012-09-30 00:00:00,57,2,7.93,13.4
2012-09-30 00:00:00,57,2,7.92,13.3
2012-09-30 00:00:00,57,2,7.93,13.3
2012-10-01 00:00:00,58,2,7.93,13.7
2012-10-01 00:00:00,58,2,7.93,13.6
2012-10-01 00:00:00,58,2,7.93,13.5
2012-10-02 00:00:00,59,2,7.95,13.8
2012-10-02 00:00:00,59,2,7.95,13.8
2012-10-02 00:00:00,59,2,7.95,13.7
2012-10-03 00:00:00,60,2,7.93,13.7
2012-10-03 00:00:00,60,2,7.93,13.7
2012-10-03 00:00:00,60,2,7.93,13.5
2012-10-04 00:00:00,61,2,7.92,13.9
2012-10-04 00:00:00,61,2,7.93,13.6
2012-10-04 00:00:00,61,2,7.93,13.6
2012-10-05 00:00:00,62,2,7.91,12.7
2012-10-05 00:00:00,62,2,7.91,12.7
2012-10-05 00:00:00,62,2,7.92,12.6
2012-10-06 00:00:00,63,2,7.95,9.7
2012-10-06 00:00:00,63,2,7.89,13.5
2012-10-06 00:00:00,63,2,7.89,13.5
2012-10-07 00:00:00,64,2,7.9,13.4
2012-10-07 00:00:00,64,2,7.91,13.3
2012-10-07 00:00:00,64,2,7.9,13.1
2012-10-08 00:00:00,65,2,7.88,13.2
2012-10-08 00:00:00,65,2,7.88,13
2012-10-08 00:00:00,65,2,7.88,12.9
2012-10-09 00:00:00,66,2,7.89,13.3
2012-10-09 00:00:00,66,2,7.9,13.2
2012-10-09 00:00:00,66,2,7.9,13
2012-10-10 00:00:00,67,2,7.91,13.3
2012-10-10 00:00:00,67,2,7.92,13.4
2012-10-10 00:00:00,67,2,7.92,13.1
2012-10-11 00:00:00,68,2,7.91,14.1
2012-10-11 00:00:00,68,2,7.92,13.8
2012-10-11 00:00:00,68,2,7.92,13.5
2012-10-12 00:00:00,69,2,7.91,13.8
2012-10-12 00:00:00,69,2,7.93,13.5
2012-10-12 00:00:00,69,2,7.93,13.2
2012-10-13 00:00:00,70,2,7.91,13.6
2012-10-13 00:00:00,70,2,7.9,13.6
2012-10-13 00:00:00,70,2,7.91,13.6
2012-10-14 00:00:00,71,2,7.9,13.9
2012-10-14 00:00:00,71,2,7.9,13.9
2012-10-14 00:00:00,71,2,7.9,13.9
2012-10-15 00:00:00,72,2,7.95,13.8
2012-10-15 00:00:00,72,2,7.95,13.6
2012-10-15 00:00:00,72,2,7.94,13.5
2012-10-16 00:00:00,73,2,7.95,13.6
2012-10-16 00:00:00,73,2,7.96,13.5
2012-10-16 00:00:00,73,2,7.96,13.4
2012-10-17 00:00:00,74,2,7.95,13.2
2012-10-17 00:00:00,74,2,7.96,13.1
2012-10-17 00:00:00,74,2,7.96,13
2012-10-18 00:00:00,75,2,7.95,13.1
2012-10-18 00:00:00,75,2,7.96,13
2012-10-18 00:00:00,75,2,7.95,13
2012-10-19 00:00:00,76,2,7.96,13.3
2012-10-19 00:00:00,76,2,7.96,13.2
2012-10-19 00:00:00,76,2,7.97,13
2012-10-20 00:00:00,77,2,7.94,13.1
2012-10-20 00:00:00,77,2,7.96,12.9
2012-10-20 00:00:00,77,2,7.96,12.8
2012-10-21 00:00:00,78,2,7.95,13
2012-10-21 00:00:00,78,2,7.95,13.2
2012-10-21 00:00:00,78,2,7.95,13.1
2012-10-22 00:00:00,79,2,7.97,12.7
2012-10-22 00:00:00,79,2,7.98,12.7
2012-10-22 00:00:00,79,2,7.98,12.7
2012-10-23 00:00:00,80,2,7.96,12.5
2012-10-23 00:00:00,80,2,7.96,12.3
2012-10-23 00:00:00,80,2,7.97,12.2
2012-10-24 00:00:00,81,2,7.97,12
2012-10-24 00:00:00,81,2,7.97,12.1
2012-10-24 00:00:00,81,2,7.97,12.1
2012-10-25 00:00:00,82,2,7.95,12.2
2012-10-25 00:00:00,82,2,7.96,12.2
2012-10-25 00:00:00,82,2,7.95,12
2012-10-26 00:00:00,83,2,7.97,12.2
2012-10-26 00:00:00,83,2,7.97,12.1
2012-10-26 00:00:00,83,2,7.96,11.9
2012-10-27 00:00:00,84,2,7.93,12.7
2012-10-27 00:00:00,84,2,7.94,12.8
2012-10-27 00:00:00,84,2,7.94,12.7
2012-10-28 00:00:00,85,2,7.91,12.6
2012-10-28 00:00:00,85,2,7.92,12.5
2012-10-28 00:00:00,85,2,7.92,12.5
2012-10-29 00:00:00,86,2,7.91,12.3
2012-10-29 00:00:00,86,2,7.92,12.5
2012-10-29 00:00:00,86,2,7.92,12.4
2012-10-30 00:00:00,87,2,7.94,12.5
2012-10-30 00:00:00,87,2,7.94,12.4
2012-10-30 00:00:00,87,2,7.94,12.3
2012-10-31 00:00:00,88,2,7.94,12.5
2012-10-31 00:00:00,88,2,7.94,12.4
2012-10-31 00:00:00,88,2,7.94,12.3
2012-11-01 00:00:00,89,2,7.97,11.1
2012-11-01 00:00:00,89,2,7.97,11
2012-11-01 00:00:00,89,2,7.97,10.9
2012-11-02 00:00:00,90,2,7.99,10.8
2012-11-02 00:00:00,90,2,7.98,10.8
2012-11-02 00:00:00,90,2,7.99,10.8
2012-11-03 00:00:00,91,2,7.96,11.8
2012-11-03 00:00:00,91,2,7.98,11.8
2012-11-03 00:00:00,91,2,7.98,11.7
2012-11-04 00:00:00,92,2,7.96,12
2012-11-04 00:00:00,92,2,7.96,11.9
2012-11-04 00:00:00,92,2,7.96,11.8
2012-11-05 00:00:00,93,2,7.95,11.7
2012-11-05 00:00:00,93,2,7.95,11.7
2012-11-05 00:00:00,93,2,7.95,11.6
2012-11-06 00:00:00,94,2,7.94,11.8
2012-11-06 00:00:00,94,2,7.94,11.6
2012-11-06 00:00:00,94,2,7.95,11.4
2012-11-07 00:00:00,95,2,7.93,11.7
2012-11-07 00:00:00,95,2,7.93,11.7
2012-11-07 00:00:00,95,2,7.93,11.7
2012-11-08 00:00:00,96,2,7.9,11.8
2012-11-08 00:00:00,96,2,7.9,11.8
2012-11-08 00:00:00,96,2,7.9,11.8
2012-11-09 00:00:00,97,2,7.92,11.5
2012-11-09 00:00:00,97,2,7.93,11.5
2012-11-09 00:00:00,97,2,7.92,11.5
2012-11-10 00:00:00,98,2,7.9,11.6
2012-11-10 00:00:00,98,2,7.91,11.6
2012-11-10 00:00:00,98,2,7.89,11.6
2012-11-11 00:00:00,99,2,7.9,11.5
2012-11-11 00:00:00,99,2,7.91,11.5
2012-11-11 00:00:00,99,2,7.9,11.4
2012-11-12 00:00:00,100,2,7.92,11.6
2012-11-12 00:00:00,100,2,7.92,11.6
2012-11-12 00:00:00,100,2,7.92,11.6
2012-11-13 00:00:00,101,2,7.92,11.6
2012-11-13 00:00:00,101,2,7.93,11.6
2012-11-13 00:00:00,101,2,7.93,11.5
2012-11-14 00:00:00,102,2,7.92,12.1
2012-11-14 00:00:00,102,2,7.93,12.1
2012-11-14 00:00:00,102,2,7.93,12
2012-11-15 00:00:00,103,2,7.93,12
2012-11-15 00:00:00,103,2,7.93,12
2012-11-15 00:00:00,103,2,7.93,12
2012-11-16 00:00:00,104,2,7.96,12.2
2012-11-16 00:00:00,104,2,7.96,12.2
2012-11-16 00:00:00,104,2,7.96,12.1
2012-11-17 00:00:00,105,2,7.93,11.5
2012-11-17 00:00:00,105,2,7.93,11.5
2012-11-17 00:00:00,105,2,7.93,11.5
2012-11-18 00:00:00,106,2,7.93,11.8
2012-11-18 00:00:00,106,2,7.93,11.7
2012-11-18 00:00:00,106,2,7.93,11.6
2012-11-19 00:00:00,107,2,7.93,11.4
2012-11-19 00:00:00,107,2,7.93,11.4
2012-11-19 00:00:00,107,2,7.93,11.4
2012-11-20 00:00:00,108,2,7.95,11.4
2012-11-20 00:00:00,108,2,7.95,11.4
2012-11-20 00:00:00,108,2,7.95,11.3
2012-11-21 00:00:00,109,2,7.94,11.3
2012-11-21 00:00:00,109,2,7.94,11.3
2012-11-21 00:00:00,109,2,7.94,11.2
2012-11-22 00:00:00,110,2,7.92,11
2012-11-22 00:00:00,110,2,7.92,11
2012-11-22 00:00:00,110,2,7.92,11
2012-11-23 00:00:00,111,2,7.9,11.1
2012-11-23 00:00:00,111,2,7.92,11.1
2012-11-23 00:00:00,111,2,7.92,11.1
2012-11-24 00:00:00,112,2,7.9,11.9
2012-11-24 00:00:00,112,2,7.92,11.8
2012-11-24 00:00:00,112,2,7.92,11.9
2012-11-25 00:00:00,113,2,7.9,11.5
2012-11-25 00:00:00,113,2,7.91,11.6
2012-11-25 00:00:00,113,2,7.9,11.5
2012-11-26 00:00:00,114,2,7.93,11.3
2012-11-26 00:00:00,114,2,7.93,11.2
2012-11-26 00:00:00,114,2,7.93,11.2
2012-11-27 00:00:00,115,2,7.92,11.4
2012-11-27 00:00:00,115,2,7.93,11.3
2012-11-27 00:00:00,115,2,7.92,11.3
2012-11-28 00:00:00,116,2,7.92,11.8
2012-11-28 00:00:00,116,2,7.93,11.7
2012-11-28 00:00:00,116,2,7.93,11.6
2012-11-29 00:00:00,117,2,7.93,11.4
2012-11-29 00:00:00,117,2,7.93,11.4
2012-11-29 00:00:00,117,2,7.93,11.3
2012-11-30 00:00:00,118,2,7.73,11
2012-11-30 00:00:00,118,2,7.73,10.9
2012-11-30 00:00:00,118,2,7.73,10.8
2012-12-01 00:00:00,119,2,7.91,10.4
2012-12-01 00:00:00,119,2,7.92,10.4
2012-12-01 00:00:00,119,2,7.91,10.4
2012-12-02 00:00:00,120,2,7.9,10.9
2012-12-02 00:00:00,120,2,7.91,10.9
2012-12-02 00:00:00,120,2,7.91,10.9
2012-12-03 00:00:00,121,2,7.93,10.7
2012-12-03 00:00:00,121,2,7.93,10.6
2012-12-03 00:00:00,121,2,7.94,10.6
2012-12-04 00:00:00,122,2,7.94,10.6
2012-12-04 00:00:00,122,2,7.94,10.6
2012-12-04 00:00:00,122,2,7.94,10.5
2012-12-05 00:00:00,123,2,7.94,10.4
2012-12-05 00:00:00,123,2,7.94,10.3
2012-12-05 00:00:00,123,2,7.95,10.3
2012-12-06 00:00:00,124,2,7.94,10.4
2012-12-06 00:00:00,124,2,7.94,10.3
2012-12-06 00:00:00,124,2,7.94,10.2
2012-12-07 00:00:00,125,2,7.91,11.1
2012-12-07 00:00:00,125,2,7.91,10.9
2012-12-07 00:00:00,125,2,7.92,10.8
2012-12-08 00:00:00,126,2,7.91,10.7
2012-12-08 00:00:00,126,2,7.91,10.7
2012-12-08 00:00:00,126,2,7.92,10.7
2012-12-09 00:00:00,127,2,7.91,10.6
2012-12-09 00:00:00,127,2,7.91,10.6
2012-12-09 00:00:00,127,2,7.91,10.5
2012-12-10 00:00:00,128,2,7.91,10.6
2012-12-10 00:00:00,128,2,7.91,10.6
2012-12-10 00:00:00,128,2,7.91,10.6
2012-12-11 00:00:00,129,2,7.9,10.3
2012-12-11 00:00:00,129,2,7.92,10.2
2012-12-11 00:00:00,129,2,7.91,10
2012-12-12 00:00:00,130,2,7.91,10.6
2012-12-12 00:00:00,130,2,7.92,10.5
2012-12-12 00:00:00,130,2,7.91,10.5
2012-12-13 00:00:00,131,2,7.92,10.7
2012-12-13 00:00:00,131,2,7.92,10.7
2012-12-13 00:00:00,131,2,7.92,10.6
2012-12-14 00:00:00,132,2,7.92,10.5
2012-12-14 00:00:00,132,2,7.91,10.5
2012-12-14 00:00:00,132,2,7.92,10.5
2012-12-15 00:00:00,133,2,7.91,10.2
2012-12-15 00:00:00,133,2,7.91,10.2
2012-12-15 00:00:00,133,2,7.92,10.2
2012-12-16 00:00:00,134,2,7.91,10.2
2012-12-16 00:00:00,134,2,7.91,10.2
2012-12-16 00:00:00,134,2,7.91,10.1
2012-12-17 00:00:00,135,2,7.93,9.8
2012-12-17 00:00:00,135,2,7.93,9.8
2012-12-17 00:00:00,135,2,7.93,9.8
2012-12-18 00:00:00,136,2,7.92,9.3
2012-12-18 00:00:00,136,2,7.92,9.2
2012-12-18 00:00:00,136,2,7.92,9.3
2012-12-19 00:00:00,137,2,7.92,9.6
2012-12-19 00:00:00,137,2,7.92,9.5
2012-12-19 00:00:00,137,2,7.92,9.5
2012-12-20 00:00:00,138,2,7.93,9.5
2012-12-20 00:00:00,138,2,7.93,9.5
2012-12-20 00:00:00,138,2,7.93,9.4
2012-12-21 00:00:00,139,2,7.94,9.3
2012-12-21 00:00:00,139,2,7.94,9.2
2012-12-21 00:00:00,139,2,7.95,9.2
2012-12-22 00:00:00,140,2,7.94,9.2
2012-12-22 00:00:00,140,2,7.94,9.2
2012-12-22 00:00:00,140,2,7.94,9.2
2012-12-23 00:00:00,141,2,7.94,9.2
2012-12-23 00:00:00,141,2,7.94,9.2
2012-12-23 00:00:00,141,2,7.94,9.2
2012-12-24 00:00:00,142,2,7.93,9.5
2012-12-24 00:00:00,142,2,7.94,9.5
2012-12-24 00:00:00,142,2,7.93,9.5
2012-12-25 00:00:00,143,2,7.94,9.6
2012-12-25 00:00:00,143,2,7.94,9.6
2012-12-25 00:00:00,143,2,7.94,9.5
2012-12-26 00:00:00,144,2,7.93,9.7
2012-12-26 00:00:00,144,2,7.94,9.7
2012-12-26 00:00:00,144,2,7.94,9.7
2012-12-27 00:00:00,145,2,7.96,9.6
2012-12-27 00:00:00,145,2,7.96,9.6
2012-12-27 00:00:00,145,2,7.96,9.5
2012-12-28 00:00:00,146,2,7.94,9.6
2012-12-28 00:00:00,146,2,7.94,9.5
2012-12-28 00:00:00,146,2,7.94,9.5
2012-12-29 00:00:00,147,2,7.92,10
2012-12-29 00:00:00,147,2,7.92,10
2012-12-29 00:00:00,147,2,7.92,10
2012-12-30 00:00:00,148,2,7.93,10.4
2012-12-30 00:00:00,148,2,7.93,10.4
2012-12-30 00:00:00,148,2,7.93,10.4
2012-12-31 00:00:00,149,2,7.94,10.3
2012-12-31 00:00:00,149,2,7.94,10.3
2012-12-31 00:00:00,149,2,7.94,10.3
2013-01-01 00:00:00,150,2,7.95,10.3
2013-01-01 00:00:00,150,2,7.96,10.2
2013-01-01 00:00:00,150,2,7.96,10.2
2013-01-02 00:00:00,151,2,7.93,10.5
2013-01-02 00:00:00,151,2,7.93,10.4
2013-01-02 00:00:00,151,2,7.93,10.4
2013-01-03 00:00:00,152,2,7.93,10.5
2013-01-03 00:00:00,152,2,7.93,10.5
2013-01-03 00:00:00,152,2,7.93,10.5
2013-01-04 00:00:00,153,2,7.94,10.4
2013-01-04 00:00:00,153,2,7.94,10.4
2013-01-04 00:00:00,153,2,7.94,10.4
2013-01-05 00:00:00,154,2,7.91,10.8
2013-01-05 00:00:00,154,2,7.92,10.8
2013-01-05 00:00:00,154,2,7.92,10.8
2013-01-06 00:00:00,155,2,7.93,10.6
2013-01-06 00:00:00,155,2,7.93,10.5
2013-01-06 00:00:00,155,2,7.92,10.5
2013-01-07 00:00:00,156,2,7.93,10.3
2013-01-07 00:00:00,156,2,7.93,10.3
2013-01-07 00:00:00,156,2,7.93,10.3
2013-01-08 00:00:00,157,2,7.94,10.4
2013-01-08 00:00:00,157,2,7.94,10.4
2013-01-08 00:00:00,157,2,7.94,10.4
2013-01-09 00:00:00,158,2,7.93,10.4
2013-01-09 00:00:00,158,2,7.93,10.4
2013-01-09 00:00:00,158,2,7.93,10.4
2013-01-10 00:00:00,159,2,7.93,10.2
2013-01-10 00:00:00,159,2,7.93,10.2
2013-01-10 00:00:00,159,2,7.93,10.2
2013-01-11 00:00:00,160,2,7.93,10.4
2013-01-11 00:00:00,160,2,7.93,10.4
2013-01-11 00:00:00,160,2,7.93,10.4
2013-01-12 00:00:00,161,2,7.93,10.5
2013-01-12 00:00:00,161,2,7.93,10.5
2013-01-12 00:00:00,161,2,7.93,10.5
2013-01-13 00:00:00,162,2,7.93,10.4
2013-01-13 00:00:00,162,2,7.93,10.4
2013-01-13 00:00:00,162,2,7.93,10.4
2013-01-14 00:00:00,163,2,7.93,10.5
2013-01-14 00:00:00,163,2,7.93,10.5
2013-01-14 00:00:00,163,2,7.93,10.5
2013-01-15 00:00:00,164,2,7.95,10.5
2013-01-15 00:00:00,164,2,7.95,10.5
2013-01-15 00:00:00,164,2,7.96,10.5
2013-01-16 00:00:00,165,2,7.93,10.5
2013-01-16 00:00:00,165,2,7.93,10.5
2013-01-16 00:00:00,165,2,7.93,10.5
2013-01-17 00:00:00,166,2,7.93,10.5
2013-01-17 00:00:00,166,2,7.93,10.5
2013-01-17 00:00:00,166,2,7.93,10.5
2013-01-18 00:00:00,167,2,7.93,10.5
2013-01-18 00:00:00,167,2,7.93,10.5
2013-01-18 00:00:00,167,2,7.93,10.5
2013-01-19 00:00:00,168,2,7.93,10.2
2013-01-19 00:00:00,168,2,7.93,10.2
2013-01-19 00:00:00,168,2,7.93,10.2
2013-01-20 00:00:00,169,2,7.91,10.1
2013-01-20 00:00:00,169,2,7.91,10.1
2013-01-20 00:00:00,169,2,7.91,10.1
2013-01-21 00:00:00,170,2,7.92,10.4
2013-01-21 00:00:00,170,2,7.92,10.4
2013-01-21 00:00:00,170,2,7.92,10.4
2013-01-22 00:00:00,171,2,7.93,10.2
2013-01-22 00:00:00,171,2,7.93,10.2
2013-01-22 00:00:00,171,2,7.93,10.2
2013-01-23 00:00:00,172,2,7.92,10.6
2013-01-23 00:00:00,172,2,7.92,10.6
2013-01-23 00:00:00,172,2,7.92,10.6
2013-01-24 00:00:00,173,2,7.92,10.6
2013-01-24 00:00:00,173,2,7.92,10.6
2013-01-24 00:00:00,173,2,7.92,10.6
2013-01-25 00:00:00,174,2,7.93,10.7
2013-01-25 00:00:00,174,2,7.93,10.7
2013-01-25 00:00:00,174,2,7.93,10.7
2013-01-26 00:00:00,175,2,7.92,10.6
2013-01-26 00:00:00,175,2,7.92,10.6
2013-01-26 00:00:00,175,2,7.92,10.6
2013-01-27 00:00:00,176,2,7.94,10.1
2013-01-27 00:00:00,176,2,7.94,10.1
2013-01-27 00:00:00,176,2,7.94,10.1
2013-01-28 00:00:00,177,2,7.9,9.9
2013-01-28 00:00:00,177,2,7.91,9.9
2013-01-28 00:00:00,177,2,7.91,9.9
2013-01-29 00:00:00,178,2,7.92,9.9
2013-01-29 00:00:00,178,2,7.92,9.9
2013-01-29 00:00:00,178,2,7.92,9.9
2013-01-30 00:00:00,179,2,7.92,10.3
2013-01-30 00:00:00,179,2,7.92,10.3
2013-01-30 00:00:00,179,2,7.92,10.3
2013-01-31 00:00:00,180,2,7.91,10.6
2013-01-31 00:00:00,180,2,7.91,10.6
2013-01-31 00:00:00,180,2,7.91,10.6
2013-02-01 00:00:00,181,2,7.9,10.8
2013-02-01 00:00:00,181,2,7.9,10.8
2013-02-01 00:00:00,181,2,7.9,10.8
2013-02-02 00:00:00,182,2,7.9,10.7
2013-02-02 00:00:00,182,2,7.9,10.7
2013-02-02 00:00:00,182,2,7.9,10.7
2013-02-03 00:00:00,183,2,7.89,10.8
2013-02-03 00:00:00,183,2,7.89,10.8
2013-02-03 00:00:00,183,2,7.89,10.8
2013-02-04 00:00:00,184,2,7.88,10.9
2013-02-04 00:00:00,184,2,7.89,10.9
2013-02-04 00:00:00,184,2,7.89,10.9
2012-08-05 00:00:00,1,3,8.05,12.3
2012-08-05 00:00:00,1,3,8.05,12.3
2012-08-05 00:00:00,1,3,8.04,12.4
2012-08-06 00:00:00,2,3,8.03,12.4
2012-08-06 00:00:00,2,3,8.04,12.4
2012-08-06 00:00:00,2,3,8.03,12.4
2012-08-07 00:00:00,3,3,8.01,12.5
2012-08-07 00:00:00,3,3,8.01,12.4
2012-08-07 00:00:00,3,3,8.01,12.4
2012-08-08 00:00:00,4,3,7.97,12.4
2012-08-08 00:00:00,4,3,7.97,12.4
2012-08-08 00:00:00,4,3,7.98,12.4
2012-08-09 00:00:00,5,3,7.98,12.6
2012-08-09 00:00:00,5,3,7.98,12.6
2012-08-09 00:00:00,5,3,7.98,12.6
2012-08-10 00:00:00,6,3,8.01,12.7
2012-08-10 00:00:00,6,3,8.01,12.7
2012-08-10 00:00:00,6,3,8.01,12.7
2012-08-11 00:00:00,7,3,8.01,12.2
2012-08-11 00:00:00,7,3,8,12.3
2012-08-11 00:00:00,7,3,8.01,12.2
2012-08-12 00:00:00,8,3,7.97,12.8
2012-08-12 00:00:00,8,3,7.98,12.8
2012-08-12 00:00:00,8,3,7.98,12.8
2012-08-13 00:00:00,9,3,7.98,12.8
2012-08-13 00:00:00,9,3,7.98,12.8
2012-08-13 00:00:00,9,3,7.98,12.8
2012-08-14 00:00:00,10,3,7.97,12.8
2012-08-14 00:00:00,10,3,7.97,12.8
2012-08-14 00:00:00,10,3,7.97,12.8
2012-08-15 00:00:00,11,3,7.95,13.3
2012-08-15 00:00:00,11,3,7.95,13.3
2012-08-15 00:00:00,11,3,7.95,13.3
2012-08-16 00:00:00,12,3,7.95,13.1
2012-08-16 00:00:00,12,3,7.96,13.1
2012-08-16 00:00:00,12,3,7.96,13.1
2012-08-17 00:00:00,13,3,7.97,13.4
2012-08-17 00:00:00,13,3,7.97,13.5
2012-08-17 00:00:00,13,3,7.97,13.5
2012-08-18 00:00:00,14,3,7.99,12.7
2012-08-18 00:00:00,14,3,7.99,12.7
2012-08-18 00:00:00,14,3,7.99,12.7
2012-08-19 00:00:00,15,3,7.98,12.6
2012-08-19 00:00:00,15,3,7.98,12.6
2012-08-19 00:00:00,15,3,7.98,12.7
2012-08-20 00:00:00,16,3,7.98,12.7
2012-08-20 00:00:00,16,3,7.98,12.7
2012-08-20 00:00:00,16,3,7.98,12.7
2012-08-21 00:00:00,17,3,7.99,12.2
2012-08-21 00:00:00,17,3,7.99,12.3
2012-08-21 00:00:00,17,3,7.99,12.3
2012-08-22 00:00:00,18,3,7.98,12.6
2012-08-22 00:00:00,18,3,7.98,12.6
2012-08-22 00:00:00,18,3,7.98,12.6
2012-08-23 00:00:00,19,3,7.99,12.2
2012-08-23 00:00:00,19,3,7.99,12.2
2012-08-23 00:00:00,19,3,7.99,12.2
2012-08-24 00:00:00,20,3,7.99,12.6
2012-08-24 00:00:00,20,3,7.99,12.6
2012-08-24 00:00:00,20,3,7.99,12.6
2012-08-25 00:00:00,21,3,8.01,12.2
2012-08-25 00:00:00,21,3,8.01,12.2
2012-08-25 00:00:00,21,3,8.01,12.2
2012-08-26 00:00:00,22,3,8,12.6
2012-08-26 00:00:00,22,3,7.99,12.5
2012-08-26 00:00:00,22,3,7.99,12.6
2012-08-27 00:00:00,23,3,8,13
2012-08-27 00:00:00,23,3,8,13
2012-08-27 00:00:00,23,3,8,13
2012-08-28 00:00:00,24,3,8.01,13
2012-08-28 00:00:00,24,3,8.02,13
2012-08-28 00:00:00,24,3,8.01,13
2012-08-29 00:00:00,25,3,8.02,13
2012-08-29 00:00:00,25,3,8.02,13
2012-08-29 00:00:00,25,3,8.02,13
2012-08-30 00:00:00,26,3,8.02,12.9
2012-08-30 00:00:00,26,3,8.02,12.9
2012-08-30 00:00:00,26,3,8.02,12.9
2012-08-31 00:00:00,27,3,7.99,13.3
2012-08-31 00:00:00,27,3,7.99,13.3
2012-08-31 00:00:00,27,3,7.99,13.3
2012-09-01 00:00:00,28,3,8.02,13.1
2012-09-01 00:00:00,28,3,8.02,13.1
2012-09-01 00:00:00,28,3,8.01,13.1
2012-09-02 00:00:00,29,3,8.01,13.1
2012-09-02 00:00:00,29,3,8.01,13.1
2012-09-02 00:00:00,29,3,8.01,13.1
2012-09-03 00:00:00,30,3,8.01,12.7
2012-09-03 00:00:00,30,3,8.01,12.7
2012-09-03 00:00:00,30,3,8.01,12.7
2012-09-04 00:00:00,31,3,8.01,12.7
2012-09-04 00:00:00,31,3,8.01,12.7
2012-09-04 00:00:00,31,3,8.01,12.7
2012-09-05 00:00:00,32,3,7.99,12.7
2012-09-05 00:00:00,32,3,7.99,12.7
2012-09-05 00:00:00,32,3,7.99,12.7
2012-09-06 00:00:00,33,3,7.98,12.5
2012-09-06 00:00:00,33,3,7.98,12.6
2012-09-06 00:00:00,33,3,7.99,12.6
2012-09-07 00:00:00,34,3,7.97,12.7
2012-09-07 00:00:00,34,3,7.97,12.7
2012-09-07 00:00:00,34,3,7.97,12.8
2012-09-08 00:00:00,35,3,7.98,12.9
2012-09-08 00:00:00,35,3,7.98,12.9
2012-09-08 00:00:00,35,3,7.98,12.9
2012-09-09 00:00:00,36,3,7.98,12.7
2012-09-09 00:00:00,36,3,7.98,12.7
2012-09-09 00:00:00,36,3,7.97,12.7
2012-09-10 00:00:00,37,3,7.97,12.3
2012-09-10 00:00:00,37,3,7.97,12.3
2012-09-10 00:00:00,37,3,7.97,12.4
2012-09-11 00:00:00,38,3,7.97,12.4
2012-09-11 00:00:00,38,3,7.97,12.5
2012-09-11 00:00:00,38,3,7.97,12.5
2012-09-12 00:00:00,39,3,7.96,12.7
2012-09-12 00:00:00,39,3,7.96,12.7
2012-09-12 00:00:00,39,3,7.96,12.7
2012-09-13 00:00:00,40,3,7.98,12.8
2012-09-13 00:00:00,40,3,7.98,12.8
2012-09-13 00:00:00,40,3,7.98,12.9
2012-09-14 00:00:00,41,3,8.01,12.7
2012-09-14 00:00:00,41,3,8.01,12.7
2012-09-14 00:00:00,41,3,8.01,12.7
2012-09-15 00:00:00,42,3,8.01,12.7
2012-09-15 00:00:00,42,3,8.01,12.7
2012-09-15 00:00:00,42,3,8.01,12.7
2012-09-16 00:00:00,43,3,8,12.8
2012-09-16 00:00:00,43,3,8,12.8
2012-09-16 00:00:00,43,3,8,12.8
2012-09-17 00:00:00,44,3,7.97,12.7
2012-09-17 00:00:00,44,3,7.97,12.8
2012-09-17 00:00:00,44,3,7.97,12.8
2012-09-18 00:00:00,45,3,7.95,12.3
2012-09-18 00:00:00,45,3,7.95,12.3
2012-09-18 00:00:00,45,3,7.95,12.3
2012-09-19 00:00:00,46,3,7.94,12.5
2012-09-19 00:00:00,46,3,7.94,12.6
2012-09-19 00:00:00,46,3,7.94,12.6
2012-09-20 00:00:00,47,3,7.93,12.5
2012-09-20 00:00:00,47,3,7.92,12.5
2012-09-20 00:00:00,47,3,7.92,12.6
2012-09-21 00:00:00,48,3,7.94,12.3
2012-09-21 00:00:00,48,3,7.94,12.4
2012-09-21 00:00:00,48,3,7.94,12.4
2012-09-22 00:00:00,49,3,7.91,12.1
2012-09-22 00:00:00,49,3,7.9,12.2
2012-09-22 00:00:00,49,3,7.9,12.2
2012-09-23 00:00:00,50,3,7.91,12.2
2012-09-23 00:00:00,50,3,7.91,12.2
2012-09-23 00:00:00,50,3,7.91,12.2
2012-09-24 00:00:00,51,3,7.93,12.1
2012-09-24 00:00:00,51,3,7.93,12.1
2012-09-24 00:00:00,51,3,7.93,12.1
2012-09-25 00:00:00,52,3,7.91,12.1
2012-09-25 00:00:00,52,3,7.91,12.1
2012-09-25 00:00:00,52,3,7.91,12.1
2012-09-26 00:00:00,53,3,7.89,12.1
2012-09-26 00:00:00,53,3,7.89,12.1
2012-09-26 00:00:00,53,3,7.89,12.1
2012-09-27 00:00:00,54,3,7.95,11.9
2012-09-27 00:00:00,54,3,7.95,11.9
2012-09-27 00:00:00,54,3,7.95,11.9
2012-09-28 00:00:00,55,3,7.96,11.9
2012-09-28 00:00:00,55,3,7.96,11.9
2012-09-28 00:00:00,55,3,7.96,11.9
2012-09-29 00:00:00,56,3,7.95,11.4
2012-09-29 00:00:00,56,3,7.95,11.4
2012-09-29 00:00:00,56,3,7.95,11.4
2012-09-30 00:00:00,57,3,7.95,11.2
2012-09-30 00:00:00,57,3,7.94,11.2
2012-09-30 00:00:00,57,3,7.95,11.2
2012-10-01 00:00:00,58,3,7.96,11.5
2012-10-01 00:00:00,58,3,7.96,11.6
2012-10-01 00:00:00,58,3,7.95,11.6
2012-10-02 00:00:00,59,3,7.98,11.5
2012-10-02 00:00:00,59,3,7.99,11.5
2012-10-02 00:00:00,59,3,7.98,11.5
2012-10-03 00:00:00,60,3,7.96,11.3
2012-10-03 00:00:00,60,3,7.95,11.3
2012-10-03 00:00:00,60,3,7.95,11.5
2012-10-04 00:00:00,61,3,7.93,11.4
2012-10-04 00:00:00,61,3,7.95,11.5
2012-10-04 00:00:00,61,3,7.95,11.4
2012-10-05 00:00:00,62,3,7.94,11.2
2012-10-05 00:00:00,62,3,7.94,11.2
2012-10-05 00:00:00,62,3,7.94,11.2
2012-10-06 00:00:00,63,3,7.89,13.5
2012-10-06 00:00:00,63,3,7.92,11.3
2012-10-06 00:00:00,63,3,7.92,11.4
2012-10-07 00:00:00,64,3,7.92,11.3
2012-10-07 00:00:00,64,3,7.79,11.3
2012-10-07 00:00:00,64,3,7.93,11.3
2012-10-08 00:00:00,65,3,7.89,11.5
2012-10-08 00:00:00,65,3,7.89,11.5
2012-10-08 00:00:00,65,3,7.89,11.4
2012-10-09 00:00:00,66,3,7.92,11.2
2012-10-09 00:00:00,66,3,7.92,11.2
2012-10-09 00:00:00,66,3,7.92,11.2
2012-10-10 00:00:00,67,3,7.93,11.5
2012-10-10 00:00:00,67,3,7.93,11.5
2012-10-10 00:00:00,67,3,7.93,11.5
2012-10-11 00:00:00,68,3,7.91,12.8
2012-10-11 00:00:00,68,3,7.91,12.9
2012-10-11 00:00:00,68,3,7.91,12.9
2012-10-12 00:00:00,69,3,7.94,11.7
2012-10-12 00:00:00,69,3,7.94,11.6
2012-10-12 00:00:00,69,3,7.94,11.6
2012-10-13 00:00:00,70,3,7.94,11.7
2012-10-13 00:00:00,70,3,7.93,11.7
2012-10-13 00:00:00,70,3,7.94,11.7
2012-10-14 00:00:00,71,3,7.93,11.8
2012-10-14 00:00:00,71,3,7.93,11.8
2012-10-14 00:00:00,71,3,7.93,11.8
2012-10-15 00:00:00,72,3,7.97,11.5
2012-10-15 00:00:00,72,3,7.97,11.5
2012-10-15 00:00:00,72,3,7.97,11.5
2012-10-16 00:00:00,73,3,7.99,11.2
2012-10-16 00:00:00,73,3,7.99,11.2
2012-10-16 00:00:00,73,3,7.99,11.2
2012-10-17 00:00:00,74,3,7.98,10.7
2012-10-17 00:00:00,74,3,7.98,10.7
2012-10-17 00:00:00,74,3,7.99,10.7
2012-10-18 00:00:00,75,3,7.98,10.8
2012-10-18 00:00:00,75,3,7.99,10.8
2012-10-18 00:00:00,75,3,7.99,10.8
2012-10-19 00:00:00,76,3,7.99,10.9
2012-10-19 00:00:00,76,3,7.99,10.8
2012-10-19 00:00:00,76,3,7.99,10.8
2012-10-20 00:00:00,77,3,7.98,10.7
2012-10-20 00:00:00,77,3,7.99,10.7
2012-10-20 00:00:00,77,3,7.98,10.6
2012-10-21 00:00:00,78,3,7.99,10.6
2012-10-21 00:00:00,78,3,7.99,10.5
2012-10-21 00:00:00,78,3,7.99,10.5
2012-10-22 00:00:00,79,3,8.01,10.1
2012-10-22 00:00:00,79,3,8.01,10.1
2012-10-22 00:00:00,79,3,8.01,10.1
2012-10-23 00:00:00,80,3,8,10.1
2012-10-23 00:00:00,80,3,8,10.1
2012-10-23 00:00:00,80,3,8,10
2012-10-24 00:00:00,81,3,8,10
2012-10-24 00:00:00,81,3,8,9.9
2012-10-24 00:00:00,81,3,8,9.9
2012-10-25 00:00:00,82,3,7.98,10.2
2012-10-25 00:00:00,82,3,7.98,10.1
2012-10-25 00:00:00,82,3,7.98,10.1
2012-10-26 00:00:00,83,3,7.99,10.1
2012-10-26 00:00:00,83,3,7.99,10.1
2012-10-26 00:00:00,83,3,7.98,10
2012-10-27 00:00:00,84,3,7.97,10.1
2012-10-27 00:00:00,84,3,7.98,10
2012-10-27 00:00:00,84,3,7.98,10
2012-10-28 00:00:00,85,3,7.93,10.3
2012-10-28 00:00:00,85,3,7.95,10.3
2012-10-28 00:00:00,85,3,7.95,10.3
2012-10-29 00:00:00,86,3,7.94,10.3
2012-10-29 00:00:00,86,3,7.94,10.3
2012-10-29 00:00:00,86,3,7.94,10.3
2012-10-30 00:00:00,87,3,7.97,10
2012-10-30 00:00:00,87,3,7.97,10
2012-10-30 00:00:00,87,3,7.97,10
2012-10-31 00:00:00,88,3,7.98,9.7
2012-10-31 00:00:00,88,3,7.98,9.6
2012-10-31 00:00:00,88,3,7.98,9.6
2012-11-01 00:00:00,89,3,7.98,9.4
2012-11-01 00:00:00,89,3,7.98,9.3
2012-11-01 00:00:00,89,3,7.99,9.3
2012-11-02 00:00:00,90,3,8.01,9.4
2012-11-02 00:00:00,90,3,8.01,9.4
2012-11-02 00:00:00,90,3,8.01,9.4
2012-11-03 00:00:00,91,3,7.98,9.3
2012-11-03 00:00:00,91,3,8,9.3
2012-11-03 00:00:00,91,3,7.98,9.3
2012-11-04 00:00:00,92,3,7.98,10
2012-11-04 00:00:00,92,3,7.98,10
2012-11-04 00:00:00,92,3,7.98,10
2012-11-05 00:00:00,93,3,7.97,9.9
2012-11-05 00:00:00,93,3,7.97,9.9
2012-11-05 00:00:00,93,3,7.97,9.9
2012-11-06 00:00:00,94,3,7.96,9.7
2012-11-06 00:00:00,94,3,7.96,9.7
2012-11-06 00:00:00,94,3,7.96,9.6
2012-11-07 00:00:00,95,3,7.96,9.6
2012-11-07 00:00:00,95,3,7.96,9.6
2012-11-07 00:00:00,95,3,7.96,9.6
2012-11-08 00:00:00,96,3,7.93,9.7
2012-11-08 00:00:00,96,3,7.93,9.7
2012-11-08 00:00:00,96,3,7.93,9.7
2012-11-09 00:00:00,97,3,7.94,9.6
2012-11-09 00:00:00,97,3,7.95,9.6
2012-11-09 00:00:00,97,3,7.95,9.6
2012-11-10 00:00:00,98,3,7.94,9.4
2012-11-10 00:00:00,98,3,7.93,9.4
2012-11-10 00:00:00,98,3,7.94,9.4
2012-11-11 00:00:00,99,3,7.94,9.4
2012-11-11 00:00:00,99,3,7.94,9.4
2012-11-11 00:00:00,99,3,7.93,9.4
2012-11-12 00:00:00,100,3,7.95,9.7
2012-11-12 00:00:00,100,3,7.95,9.7
2012-11-12 00:00:00,100,3,7.95,9.7
2012-11-13 00:00:00,101,3,7.95,9.6
2012-11-13 00:00:00,101,3,7.95,9.6
2012-11-13 00:00:00,101,3,7.94,9.6
2012-11-14 00:00:00,102,3,7.95,9.8
2012-11-14 00:00:00,102,3,7.95,9.8
2012-11-14 00:00:00,102,3,7.95,9.8
2012-11-15 00:00:00,103,3,7.96,9.7
2012-11-15 00:00:00,103,3,7.96,9.7
2012-11-15 00:00:00,103,3,7.96,9.7
2012-11-16 00:00:00,104,3,7.98,9.9
2012-11-16 00:00:00,104,3,7.99,9.9
2012-11-16 00:00:00,104,3,7.98,9.9
2012-11-17 00:00:00,105,3,7.95,9.5
2012-11-17 00:00:00,105,3,7.96,9.5
2012-11-17 00:00:00,105,3,7.96,9.5
2012-11-18 00:00:00,106,3,7.96,9.5
2012-11-18 00:00:00,106,3,7.95,9.5
2012-11-18 00:00:00,106,3,7.95,9.5
2012-11-19 00:00:00,107,3,7.96,9.3
2012-11-19 00:00:00,107,3,7.96,9.3
2012-11-19 00:00:00,107,3,7.96,9.3
2012-11-20 00:00:00,108,3,7.98,9.3
2012-11-20 00:00:00,108,3,7.98,9.3
2012-11-20 00:00:00,108,3,7.98,9.3
2012-11-21 00:00:00,109,3,7.98,8.9
2012-11-21 00:00:00,109,3,7.98,8.9
2012-11-21 00:00:00,109,3,7.98,8.9
2012-11-22 00:00:00,110,3,7.95,9.1
2012-11-22 00:00:00,110,3,7.94,9.2
2012-11-22 00:00:00,110,3,7.95,9.1
2012-11-23 00:00:00,111,3,7.95,9.2
2012-11-23 00:00:00,111,3,7.95,9.2
2012-11-23 00:00:00,111,3,7.95,9.2
2012-11-24 00:00:00,112,3,7.92,9.2
2012-11-24 00:00:00,112,3,7.93,9.2
2012-11-24 00:00:00,112,3,7.94,9.2
2012-11-25 00:00:00,113,3,7.93,9.2
2012-11-25 00:00:00,113,3,7.93,9.2
2012-11-25 00:00:00,113,3,7.93,9.2
2012-11-26 00:00:00,114,3,7.96,9.2
2012-11-26 00:00:00,114,3,7.96,9.2
2012-11-26 00:00:00,114,3,7.96,9.2
2012-11-27 00:00:00,115,3,7.95,9.2
2012-11-27 00:00:00,115,3,7.95,9.2
2012-11-27 00:00:00,115,3,7.95,9.2
2012-11-28 00:00:00,116,3,7.95,9.4
2012-11-28 00:00:00,116,3,7.95,9.4
2012-11-28 00:00:00,116,3,7.95,9.4
2012-11-29 00:00:00,117,3,7.96,8.7
2012-11-29 00:00:00,117,3,7.96,8.7
2012-11-29 00:00:00,117,3,7.96,8.7
2012-11-30 00:00:00,118,3,7.95,8.6
2012-11-30 00:00:00,118,3,7.95,8.6
2012-11-30 00:00:00,118,3,7.95,8.6
2012-12-01 00:00:00,119,3,7.94,8.5
2012-12-01 00:00:00,119,3,7.94,8.5
2012-12-01 00:00:00,119,3,7.94,8.7
2012-12-02 00:00:00,120,3,7.94,8.6
2012-12-02 00:00:00,120,3,7.93,8.6
2012-12-02 00:00:00,120,3,7.94,8.6
2012-12-03 00:00:00,121,3,7.96,8.3
2012-12-03 00:00:00,121,3,7.96,8.3
2012-12-03 00:00:00,121,3,7.96,8.2
2012-12-04 00:00:00,122,3,7.96,8.1
2012-12-04 00:00:00,122,3,7.96,8.1
2012-12-04 00:00:00,122,3,7.96,8.1
2012-12-05 00:00:00,123,3,7.97,7.7
2012-12-05 00:00:00,123,3,7.97,7.7
2012-12-05 00:00:00,123,3,7.97,7.7
2012-12-06 00:00:00,124,3,7.97,7.6
2012-12-06 00:00:00,124,3,7.97,7.6
2012-12-06 00:00:00,124,3,7.97,7.6
2012-12-07 00:00:00,125,3,7.95,8
2012-12-07 00:00:00,125,3,7.95,8
2012-12-07 00:00:00,125,3,7.95,8
2012-12-08 00:00:00,126,3,7.93,8.1
2012-12-08 00:00:00,126,3,7.94,8.1
2012-12-08 00:00:00,126,3,7.94,8.1
2012-12-09 00:00:00,127,3,7.94,8.2
2012-12-09 00:00:00,127,3,7.94,8.2
2012-12-09 00:00:00,127,3,7.95,8.1
2012-12-10 00:00:00,128,3,7.94,8.1
2012-12-10 00:00:00,128,3,7.94,8.1
2012-12-10 00:00:00,128,3,7.94,8.1
2012-12-11 00:00:00,129,3,7.93,8.5
2012-12-11 00:00:00,129,3,7.93,8.5
2012-12-11 00:00:00,129,3,7.93,8.5
2012-12-12 00:00:00,130,3,7.94,8.2
2012-12-12 00:00:00,130,3,7.94,8.2
2012-12-12 00:00:00,130,3,7.94,8.2
2012-12-13 00:00:00,131,3,7.95,8.3
2012-12-13 00:00:00,131,3,7.95,8.3
2012-12-13 00:00:00,131,3,7.95,8.3
2012-12-14 00:00:00,132,3,7.94,8.1
2012-12-14 00:00:00,132,3,7.94,8.1
2012-12-14 00:00:00,132,3,7.94,8.1
2012-12-15 00:00:00,133,3,7.94,8.2
2012-12-15 00:00:00,133,3,7.94,8.2
2012-12-15 00:00:00,133,3,7.94,8.2
2012-12-16 00:00:00,134,3,7.93,8.4
2012-12-16 00:00:00,134,3,7.93,8.4
2012-12-16 00:00:00,134,3,7.93,8.4
2012-12-17 00:00:00,135,3,7.96,7.4
2012-12-17 00:00:00,135,3,7.96,7.4
2012-12-17 00:00:00,135,3,7.96,7.4
2012-12-18 00:00:00,136,3,7.94,7.6
2012-12-18 00:00:00,136,3,7.94,7.6
2012-12-18 00:00:00,136,3,7.94,7.5
2012-12-19 00:00:00,137,3,7.94,7.6
2012-12-19 00:00:00,137,3,7.94,7.6
2012-12-19 00:00:00,137,3,7.94,7.6
2012-12-20 00:00:00,138,3,7.95,7.5
2012-12-20 00:00:00,138,3,7.96,7.5
2012-12-20 00:00:00,138,3,7.95,7.5
2012-12-21 00:00:00,139,3,7.97,7.1
2012-12-21 00:00:00,139,3,7.97,7.1
2012-12-21 00:00:00,139,3,7.97,7.1
2012-12-22 00:00:00,140,3,7.96,7.3
2012-12-22 00:00:00,140,3,7.96,7.3
2012-12-22 00:00:00,140,3,7.97,7.3
2012-12-23 00:00:00,141,3,7.98,7.2
2012-12-23 00:00:00,141,3,7.97,7.2
2012-12-23 00:00:00,141,3,7.98,7.3
2012-12-24 00:00:00,142,3,7.96,7.6
2012-12-24 00:00:00,142,3,7.96,7.6
2012-12-24 00:00:00,142,3,7.97,7.5
2012-12-25 00:00:00,143,3,7.97,7.6
2012-12-25 00:00:00,143,3,7.97,7.6
2012-12-25 00:00:00,143,3,7.97,7.6
2012-12-26 00:00:00,144,3,7.97,7.7
2012-12-26 00:00:00,144,3,7.97,7.7
2012-12-26 00:00:00,144,3,7.97,7.7
2012-12-27 00:00:00,145,3,7.98,8
2012-12-27 00:00:00,145,3,7.98,8
2012-12-27 00:00:00,145,3,7.98,8
2012-12-28 00:00:00,146,3,7.96,8
2012-12-28 00:00:00,146,3,7.96,8
2012-12-28 00:00:00,146,3,7.96,8
2012-12-29 00:00:00,147,3,7.94,8.1
2012-12-29 00:00:00,147,3,7.94,8.1
2012-12-29 00:00:00,147,3,7.94,8.1
2012-12-30 00:00:00,148,3,7.96,8.5
2012-12-30 00:00:00,148,3,7.96,8.5
2012-12-30 00:00:00,148,3,7.96,8.5
2012-12-31 00:00:00,149,3,7.97,8.6
2012-12-31 00:00:00,149,3,7.97,8.6
2012-12-31 00:00:00,149,3,7.97,8.6
2013-01-01 00:00:00,150,3,7.98,8.3
2013-01-01 00:00:00,150,3,7.98,8.2
2013-01-01 00:00:00,150,3,7.98,8.2
2013-01-02 00:00:00,151,3,7.96,8.6
2013-01-02 00:00:00,151,3,7.96,8.6
2013-01-02 00:00:00,151,3,7.96,8.6
2013-01-03 00:00:00,152,3,7.95,8.4
2013-01-03 00:00:00,152,3,7.95,8.4
2013-01-03 00:00:00,152,3,7.95,8.5
2013-01-04 00:00:00,153,3,7.96,8.4
2013-01-04 00:00:00,153,3,7.96,8.4
2013-01-04 00:00:00,153,3,7.96,8.4
2013-01-05 00:00:00,154,3,7.95,8.4
2013-01-05 00:00:00,154,3,7.95,8.4
2013-01-05 00:00:00,154,3,7.95,8.4
2013-01-06 00:00:00,155,3,7.96,8.6
2013-01-06 00:00:00,155,3,7.95,8.5
2013-01-06 00:00:00,155,3,7.96,8.5
2013-01-07 00:00:00,156,3,7.95,8.6
2013-01-07 00:00:00,156,3,7.96,8.6
2013-01-07 00:00:00,156,3,7.95,8.6
2013-01-08 00:00:00,157,3,7.97,8.4
2013-01-08 00:00:00,157,3,7.96,8.4
2013-01-08 00:00:00,157,3,7.97,8.4
2013-01-09 00:00:00,158,3,7.95,8.3
2013-01-09 00:00:00,158,3,7.95,8.3
2013-01-09 00:00:00,158,3,7.95,8.3
2013-01-10 00:00:00,159,3,7.96,8.3
2013-01-10 00:00:00,159,3,7.96,8.3
2013-01-10 00:00:00,159,3,7.96,8.3
2013-01-11 00:00:00,160,3,7.96,8.4
2013-01-11 00:00:00,160,3,7.96,8.4
2013-01-11 00:00:00,160,3,7.96,8.4
2013-01-12 00:00:00,161,3,7.97,8.4
2013-01-12 00:00:00,161,3,7.98,8.4
2013-01-12 00:00:00,161,3,7.97,8.4
2013-01-13 00:00:00,162,3,7.95,8.3
2013-01-13 00:00:00,162,3,7.95,8.3
2013-01-13 00:00:00,162,3,7.96,8.3
2013-01-14 00:00:00,163,3,7.96,8.5
2013-01-14 00:00:00,163,3,7.96,8.5
2013-01-14 00:00:00,163,3,7.96,8.6
2013-01-15 00:00:00,164,3,7.99,8.5
2013-01-15 00:00:00,164,3,7.98,8.5
2013-01-15 00:00:00,164,3,7.98,8.5
2013-01-16 00:00:00,165,3,7.96,8.5
2013-01-16 00:00:00,165,3,7.96,8.5
2013-01-16 00:00:00,165,3,7.96,8.6
2013-01-17 00:00:00,166,3,7.95,8.4
2013-01-17 00:00:00,166,3,7.95,8.5
2013-01-17 00:00:00,166,3,7.95,8.5
2013-01-18 00:00:00,167,3,7.96,8.5
2013-01-18 00:00:00,167,3,7.96,8.5
2013-01-18 00:00:00,167,3,7.96,8.5
2013-01-19 00:00:00,168,3,7.96,8.1
2013-01-19 00:00:00,168,3,7.96,8.1
2013-01-19 00:00:00,168,3,7.96,8.1
2013-01-20 00:00:00,169,3,7.94,8.1
2013-01-20 00:00:00,169,3,7.94,8.1
2013-01-20 00:00:00,169,3,7.94,8.1
2013-01-21 00:00:00,170,3,7.95,8.3
2013-01-21 00:00:00,170,3,7.95,8.3
2013-01-21 00:00:00,170,3,7.95,8.3
2013-01-22 00:00:00,171,3,7.96,8.2
2013-01-22 00:00:00,171,3,7.96,8.2
2013-01-22 00:00:00,171,3,7.96,8.2
2013-01-23 00:00:00,172,3,7.95,8.6
2013-01-23 00:00:00,172,3,7.95,8.6
2013-01-23 00:00:00,172,3,7.95,8.6
2013-01-24 00:00:00,173,3,7.95,8.6
2013-01-24 00:00:00,173,3,7.95,8.6
2013-01-24 00:00:00,173,3,7.95,8.6
2013-01-25 00:00:00,174,3,7.95,8.7
2013-01-25 00:00:00,174,3,7.95,8.7
2013-01-25 00:00:00,174,3,7.95,8.7
2013-01-26 00:00:00,175,3,7.96,8.5
2013-01-26 00:00:00,175,3,7.96,8.5
2013-01-26 00:00:00,175,3,7.96,8.5
2013-01-27 00:00:00,176,3,7.97,8.1
2013-01-27 00:00:00,176,3,7.97,8.1
2013-01-27 00:00:00,176,3,7.97,8.1
2013-01-28 00:00:00,177,3,7.95,8
2013-01-28 00:00:00,177,3,7.95,8
2013-01-28 00:00:00,177,3,7.95,8
2013-01-29 00:00:00,178,3,7.95,8
2013-01-29 00:00:00,178,3,7.94,8
2013-01-29 00:00:00,178,3,7.94,8
2013-01-30 00:00:00,179,3,7.94,8.3
2013-01-30 00:00:00,179,3,7.94,8.3
2013-01-30 00:00:00,179,3,7.94,8.3
2013-01-31 00:00:00,180,3,7.94,8.6
2013-01-31 00:00:00,180,3,7.94,8.6
2013-01-31 00:00:00,180,3,7.94,8.6
2013-02-01 00:00:00,181,3,7.93,8.7
2013-02-01 00:00:00,181,3,7.93,8.7
2013-02-01 00:00:00,181,3,7.93,8.7
2013-02-02 00:00:00,182,3,7.93,8.7
2013-02-02 00:00:00,182,3,7.93,8.7
2013-02-02 00:00:00,182,3,7.93,8.7
2013-02-03 00:00:00,183,3,7.92,8.7
2013-02-03 00:00:00,183,3,7.91,8.7
2013-02-03 00:00:00,183,3,7.92,8.7
2013-02-04 00:00:00,184,3,7.91,8.9
2013-02-04 00:00:00,184,3,7.91,8.9
2013-02-04 00:00:00,184,3,7.91,8.9
