experiment,treatment_pH,treatment_temp,crab_id,molt_num,date,exp_day,wet_mass_g
2010-2011,ambient,ambient,2010_ambient_c02,0,NA,2,0.0095
2010-2011,ambient,ambient,2010_ambient_c02,1,NA,62,0.0094
2010-2011,ambient,ambient,2010_ambient_c02,2,NA,99,0.0128
2010-2011,ambient,ambient,2010_ambient_c02,3,NA,148,0.012
2010-2011,ambient,ambient,2010_ambient_c03,0,NA,58,0.0102
2010-2011,ambient,ambient,2010_ambient_c03,1,NA,95,0.0142
2010-2011,ambient,ambient,2010_ambient_c03,2,NA,133,0.0169
2010-2011,ambient,ambient,2010_ambient_c05,0,NA,5,0.0088
2010-2011,ambient,ambient,2010_ambient_c05,1,NA,63,0.0089
2010-2011,ambient,ambient,2010_ambient_c05,2,NA,93,0.0122
2010-2011,ambient,ambient,2010_ambient_c05,3,NA,133,0.0158
2010-2011,ambient,ambient,2010_ambient_c06,0,NA,2,0.0121
2010-2011,ambient,ambient,2010_ambient_c06,1,NA,58,0.0126
2010-2011,ambient,ambient,2010_ambient_c06,2,NA,93,0.0172
2010-2011,ambient,ambient,2010_ambient_c06,3,NA,136,0.0228
2010-2011,ambient,ambient,2010_ambient_c07,0,NA,2,0.0177
2010-2011,ambient,ambient,2010_ambient_c07,1,NA,60,0.0131
2010-2011,ambient,ambient,2010_ambient_c07,2,NA,102,0.0158
2010-2011,ambient,ambient,2010_ambient_c07,3,NA,155,0.0198
2010-2011,ambient,ambient,2010_ambient_c08,0,NA,2,0.0085
2010-2011,ambient,ambient,2010_ambient_c08,1,NA,57,0.0104
2010-2011,ambient,ambient,2010_ambient_c08,2,NA,91,0.0124
2010-2011,ambient,ambient,2010_ambient_c08,3,NA,128,0.0155
2010-2011,ambient,ambient,2010_ambient_c08,4,NA,183,0.0255
2010-2011,ambient,ambient,2010_ambient_c10,0,NA,5,0.0098
2010-2011,ambient,ambient,2010_ambient_c10,1,NA,60,0.0108
2010-2011,ambient,ambient,2010_ambient_c10,2,NA,105,0.013
2010-2011,ambient,ambient,2010_ambient_c10,3,NA,146,0.014
2010-2011,ambient,ambient,2010_ambient_c12,0,NA,3,0.0115
2010-2011,ambient,ambient,2010_ambient_c12,1,NA,59,0.0108
2010-2011,ambient,ambient,2010_ambient_c12,2,NA,95,0.013
2010-2011,ambient,ambient,2010_ambient_c12,3,NA,127,0.0203
2010-2011,ambient,ambient,2010_ambient_c12,4,NA,173,0.0328
2010-2011,ambient,ambient,2010_ambient_c13,0,NA,3,0.0116
2010-2011,ambient,ambient,2010_ambient_c13,1,NA,63,0.0101
2010-2011,ambient,ambient,2010_ambient_c13,3,NA,128,0.0187
2010-2011,ambient,ambient,2010_ambient_c13,4,NA,170,0.0312
2010-2011,ambient,ambient,2010_ambient_c14,0,NA,5,0.0095
2010-2011,ambient,ambient,2010_ambient_c14,1,NA,60,0.0109
2010-2011,ambient,ambient,2010_ambient_c14,2,NA,96,0.0162
2010-2011,ambient,ambient,2010_ambient_c14,3,NA,131,0.0209
2010-2011,ambient,ambient,2010_ambient_c16,0,NA,15,0.0055
2010-2011,ambient,ambient,2010_ambient_c16,1,NA,72,0.0092
2010-2011,ambient,ambient,2010_ambient_c16,2,NA,112,0.01
2010-2011,ambient,ambient,2010_ambient_c16,3,NA,158,0.0134
2010-2011,ambient,ambient,2010_ambient_c17,0,NA,1,0.0064
2010-2011,ambient,ambient,2010_ambient_c17,1,NA,60,0.0097
2010-2011,ambient,ambient,2010_ambient_c17,2,NA,101,0.0095
2010-2011,ambient,ambient,2010_ambient_c19,0,NA,54,0.0118
2010-2011,ambient,ambient,2010_ambient_c19,1,NA,93,0.0147
2010-2011,ambient,ambient,2010_ambient_c19,2,NA,129,0.02
2010-2011,ambient,ambient,2010_ambient_c22,0,NA,5,0.0097
2010-2011,ambient,ambient,2010_ambient_c22,1,NA,65,0.0114
2010-2011,ambient,ambient,2010_ambient_c22,2,NA,101,0.016
2010-2011,ambient,ambient,2010_ambient_c22,3,NA,146,0.0156
2010-2011,ambient,ambient,2010_ambient_c23,1,NA,60,0.0124
2010-2011,ambient,ambient,2010_ambient_c23,2,NA,91,0.0202
2010-2011,ambient,ambient,2010_ambient_c23,3,NA,125,0.0223
2010-2011,ambient,ambient,2010_ambient_c23,4,NA,186,0.0377
2010-2011,ambient,ambient,2010_ambient_c24,0,NA,2,0.0123
2010-2011,ambient,ambient,2010_ambient_c24,1,NA,66,0.016
2010-2011,ambient,ambient,2010_ambient_c24,3,NA,163,0.0212
2010-2011,ambient,ambient,2010_ambient_c25,0,NA,2,0.0085
2010-2011,ambient,ambient,2010_ambient_c25,1,NA,55,0.013
2010-2011,ambient,ambient,2010_ambient_c25,2,NA,85,0.0165
2010-2011,ambient,ambient,2010_ambient_c25,3,NA,111,0.0222
2010-2011,ambient,ambient,2010_ambient_c26,0,NA,2,0.0089
2010-2011,ambient,ambient,2010_ambient_c26,1,NA,69,0.0115
2010-2011,ambient,ambient,2010_ambient_c26,2,NA,104,0.0152
2010-2011,ambient,ambient,2010_ambient_c26,3,NA,136,0.0207
2010-2011,ambient,ambient,2010_ambient_c26,4,NA,159,0.033
2010-2011,ambient,ambient,2010_ambient_c27,0,NA,1,0.0107
2010-2011,ambient,ambient,2010_ambient_c27,1,NA,55,0.0113
2010-2011,ambient,ambient,2010_ambient_c27,2,NA,88,0.0202
2010-2011,ambient,ambient,2010_ambient_c27,3,NA,111,0.0256
2010-2011,ambient,ambient,2010_ambient_c27,4,NA,148,0.0443
2010-2011,ambient,ambient,2010_ambient_c28,0,NA,5,0.0072
2010-2011,ambient,ambient,2010_ambient_c28,1,NA,47,0.0096
2010-2011,ambient,ambient,2010_ambient_c28,2,NA,72,0.0153
2010-2011,ambient,ambient,2010_ambient_c28,3,NA,105,0.0196
2010-2011,ambient,ambient,2010_ambient_c28,4,NA,145,0.0256
2010-2011,ambient,ambient,2010_ambient_c29,0,NA,1,0.0105
2010-2011,ambient,ambient,2010_ambient_c29,1,NA,60,0.0134
2010-2011,ambient,ambient,2010_ambient_c29,2,NA,95,0.0235
2010-2011,ambient,ambient,2010_ambient_c29,3,NA,125,0.0321
2010-2011,ambient,ambient,2010_ambient_c29,4,NA,185,0.0549
2010-2011,ambient,ambient,2010_ambient_c30,0,NA,5,0.0083
2010-2011,ambient,ambient,2010_ambient_c30,1,NA,55,0.0105
2010-2011,ambient,ambient,2010_ambient_c30,2,NA,82,0.0162
2010-2011,ambient,ambient,2010_ambient_c30,3,NA,109,0.02554
2010-2011,ambient,ambient,2010_ambient_c30,4,NA,146,0.0318
2010-2011,pH 7.8,ambient,2010_pH 7.8_c01,0,NA,3,0.0108
2010-2011,pH 7.8,ambient,2010_pH 7.8_c01,1,NA,60,0.0108
2010-2011,pH 7.8,ambient,2010_pH 7.8_c01,2,NA,95,0.0138
2010-2011,pH 7.8,ambient,2010_pH 7.8_c01,3,NA,133,0.0195
2010-2011,pH 7.8,ambient,2010_pH 7.8_c01,4,NA,183,0.0293
2010-2011,pH 7.8,ambient,2010_pH 7.8_c02,0,NA,2,0.0091
2010-2011,pH 7.8,ambient,2010_pH 7.8_c02,1,NA,60,0.0106
2010-2011,pH 7.8,ambient,2010_pH 7.8_c02,2,NA,101,0.0146
2010-2011,pH 7.8,ambient,2010_pH 7.8_c03,0,NA,47,0.0087
2010-2011,pH 7.8,ambient,2010_pH 7.8_c03,1,NA,89,0.0109
2010-2011,pH 7.8,ambient,2010_pH 7.8_c03,2,NA,130,0.0121
2010-2011,pH 7.8,ambient,2010_pH 7.8_c06,0,NA,5,0.008
2010-2011,pH 7.8,ambient,2010_pH 7.8_c06,1,NA,84,0.0082
2010-2011,pH 7.8,ambient,2010_pH 7.8_c06,2,NA,144,0.0088
2010-2011,pH 7.8,ambient,2010_pH 7.8_c07,0,NA,1,0.0111
2010-2011,pH 7.8,ambient,2010_pH 7.8_c07,1,NA,67,0.0096
2010-2011,pH 7.8,ambient,2010_pH 7.8_c07,2,NA,104,0.0128
2010-2011,pH 7.8,ambient,2010_pH 7.8_c07,3,NA,143,0.0174
2010-2011,pH 7.8,ambient,2010_pH 7.8_c12,0,NA,49,0.0081
2010-2011,pH 7.8,ambient,2010_pH 7.8_c12,1,NA,91,0.0113
2010-2011,pH 7.8,ambient,2010_pH 7.8_c12,2,NA,123,0.0166
2010-2011,pH 7.8,ambient,2010_pH 7.8_c12,3,NA,166,0.0243
2010-2011,pH 7.8,ambient,2010_pH 7.8_c14,0,NA,2,0.0092
2010-2011,pH 7.8,ambient,2010_pH 7.8_c14,1,NA,74,0.0107
2010-2011,pH 7.8,ambient,2010_pH 7.8_c14,2,NA,105,0.0148
2010-2011,pH 7.8,ambient,2010_pH 7.8_c14,3,NA,138,0.0148
2010-2011,pH 7.8,ambient,2010_pH 7.8_c15,0,NA,2,0.009
2010-2011,pH 7.8,ambient,2010_pH 7.8_c15,1,NA,76,0.0123
2010-2011,pH 7.8,ambient,2010_pH 7.8_c15,2,NA,147,0.0101
2010-2011,pH 7.8,ambient,2010_pH 7.8_c18,0,NA,50,0.0102
2010-2011,pH 7.8,ambient,2010_pH 7.8_c18,1,NA,97,0.0092
2010-2011,pH 7.8,ambient,2010_pH 7.8_c18,2,NA,134,0.0145
2010-2011,pH 7.8,ambient,2010_pH 7.8_c18,3,NA,181,0.0231
2010-2011,pH 7.8,ambient,2010_pH 7.8_c22,0,NA,2,0.0086
2010-2011,pH 7.8,ambient,2010_pH 7.8_c22,1,NA,55,0.0094
2010-2011,pH 7.8,ambient,2010_pH 7.8_c22,2,NA,94,0.0124
2010-2011,pH 7.8,ambient,2010_pH 7.8_c22,3,NA,132,0.0144
2010-2011,pH 7.8,ambient,2010_pH 7.8_c22,4,NA,183,0.0188
2010-2011,pH 7.8,ambient,2010_pH 7.8_c23,0,NA,1,0.0101
2010-2011,pH 7.8,ambient,2010_pH 7.8_c23,1,NA,74,0.0115
2010-2011,pH 7.8,ambient,2010_pH 7.8_c23,2,NA,119,0.012
2010-2011,pH 7.8,ambient,2010_pH 7.8_c23,3,NA,167,0.0188
2010-2011,pH 7.8,ambient,2010_pH 7.8_c24,0,NA,1,0.0098
2010-2011,pH 7.8,ambient,2010_pH 7.8_c24,1,NA,61,0.0108
2010-2011,pH 7.8,ambient,2010_pH 7.8_c24,2,NA,99,0.0123
2010-2011,pH 7.8,ambient,2010_pH 7.8_c24,3,NA,142,0.0173
2010-2011,pH 7.8,ambient,2010_pH 7.8_c27,0,NA,1,0.0099
2010-2011,pH 7.8,ambient,2010_pH 7.8_c27,1,NA,56,0.0105
2010-2011,pH 7.8,ambient,2010_pH 7.8_c27,2,NA,107,0.0103
2010-2011,pH 7.8,ambient,2010_pH 7.8_c28,0,NA,4,0.0083
2010-2011,pH 7.8,ambient,2010_pH 7.8_c28,1,NA,57,0.0101
2010-2011,pH 7.8,ambient,2010_pH 7.8_c28,2,NA,92,0.0132
2010-2011,pH 7.8,ambient,2010_pH 7.8_c28,3,NA,131,0.0164
2010-2011,pH 7.8,ambient,2010_pH 7.8_c29,0,NA,3,0.006
2010-2011,pH 7.8,ambient,2010_pH 7.8_c29,1,NA,66,0.0077
2010-2011,pH 7.8,ambient,2010_pH 7.8_c29,2,NA,109,0.0073
2012-2013,ambient,+2C,2012_t3_c01,0,2012-08-01,0,0.019
2012-2013,ambient,+2C,2012_t3_c01,1,2012-08-23,22,0.0289
2012-2013,ambient,+2C,2012_t3_c01,2,2012-09-25,55,0.0305
2012-2013,ambient,+2C,2012_t3_c01,3,2012-11-13,104,0.0259
2012-2013,ambient,+2C,2012_t3_c02,0,2012-08-01,0,0.0207
2012-2013,ambient,+2C,2012_t3_c02,1,2012-08-20,19,0.0385
2012-2013,ambient,+2C,2012_t3_c02,2,2012-09-22,52,0.0474
2012-2013,ambient,+2C,2012_t3_c03,0,2012-08-01,0,0.025
2012-2013,ambient,+2C,2012_t3_c03,1,2012-08-21,20,0.0438
2012-2013,ambient,+2C,2012_t3_c03,2,2012-09-29,59,0.0377
2012-2013,ambient,+2C,2012_t3_c03,3,2012-12-08,129,0.0375
2012-2013,ambient,+2C,2012_t3_c04,0,2012-08-01,0,0.0173
2012-2013,ambient,+2C,2012_t3_c04,1,2012-08-18,17,0.031
2012-2013,ambient,+2C,2012_t3_c04,2,2012-09-12,42,0.0475
2012-2013,ambient,+2C,2012_t3_c05,0,2012-08-01,0,0.0166
2012-2013,ambient,+2C,2012_t3_c05,1,2012-08-26,25,0.0238
2012-2013,ambient,+2C,2012_t3_c05,2,2012-10-04,64,0.0209
2012-2013,ambient,+2C,2012_t3_c05,3,2012-12-09,130,0.0157
2012-2013,ambient,+2C,2012_t3_c06,0,2012-08-01,0,0.0175
2012-2013,ambient,+2C,2012_t3_c06,1,2012-08-22,21,0.0265
2012-2013,ambient,+2C,2012_t3_c06,2,2012-09-24,54,0.025
2012-2013,ambient,+2C,2012_t3_c07,0,2012-08-01,0,0.0199
2012-2013,ambient,+2C,2012_t3_c07,1,2012-08-23,22,0.0329
2012-2013,ambient,+2C,2012_t3_c08,0,2012-08-01,0,0.0156
2012-2013,ambient,+2C,2012_t3_c08,1,2012-09-03,33,0.0168
2012-2013,ambient,+2C,2012_t3_c09,0,2012-08-01,0,0.0153
2012-2013,ambient,+2C,2012_t3_c09,1,2012-08-28,27,0.0252
2012-2013,ambient,+2C,2012_t3_c10,0,2012-08-01,0,0.0176
2012-2013,ambient,+2C,2012_t3_c10,1,2012-08-24,23,0.0255
2012-2013,ambient,+2C,2012_t3_c10,2,2012-09-30,60,0.0279
2012-2013,ambient,+2C,2012_t3_c11,0,2012-08-01,0,0.0247
2012-2013,ambient,+2C,2012_t3_c11,1,2012-08-17,16,0.0503
2012-2013,ambient,+2C,2012_t3_c11,2,2012-09-15,45,0.0703
2012-2013,ambient,+2C,2012_t3_c11,3,2012-10-28,88,0.0608
2012-2013,ambient,+2C,2012_t3_c12,0,2012-08-01,0,0.0171
2012-2013,ambient,+2C,2012_t3_c12,1,2012-08-27,26,0.0313
2012-2013,ambient,+2C,2012_t3_c12,2,2012-10-06,66,0.0233
2012-2013,ambient,+2C,2012_t3_c12,3,2012-11-27,118,0.0222
2012-2013,ambient,+2C,2012_t3_c13,0,2012-08-01,0,0.0181
2012-2013,ambient,+2C,2012_t3_c13,1,2012-08-24,23,0.0267
2012-2013,ambient,+2C,2012_t3_c13,2,2012-09-27,57,0.0262
2012-2013,ambient,+2C,2012_t3_c14,0,2012-08-01,0,0.0222
2012-2013,ambient,+2C,2012_t3_c14,1,2012-08-16,15,0.0381
2012-2013,ambient,+2C,2012_t3_c14,2,2012-09-18,48,0.0416
2012-2013,ambient,+2C,2012_t3_c15,0,2012-08-01,0,0.0169
2012-2013,ambient,+2C,2012_t3_c15,1,2012-08-20,19,0.03
2012-2013,ambient,+2C,2012_t3_c15,2,2012-09-17,47,0.0346
2012-2013,ambient,+2C,2012_t3_c15,3,2012-11-09,100,0.0307
2012-2013,ambient,+2C,2012_t3_c16,0,2012-08-01,0,0.018
2012-2013,ambient,+2C,2012_t3_c16,1,2012-08-29,28,0.0295
2012-2013,ambient,+2C,2012_t3_c16,2,2012-09-30,60,0.0294
2012-2013,ambient,+2C,2012_t3_c17,0,2012-08-01,0,0.0175
2012-2013,ambient,+2C,2012_t3_c17,1,2012-09-03,33,0.0212
2012-2013,ambient,+2C,2012_t3_c18,0,2012-08-01,0,0.0155
2012-2013,ambient,+2C,2012_t3_c18,1,2012-08-18,17,0.0313
2012-2013,ambient,+2C,2012_t3_c18,2,2012-09-20,50,0.034
2012-2013,ambient,+2C,2012_t3_c19,0,2012-08-01,0,0.0143
2012-2013,ambient,+2C,2012_t3_c19,1,2012-08-23,22,0.0259
2012-2013,ambient,+2C,2012_t3_c20,0,2012-08-01,0,0.0216
2012-2013,ambient,+2C,2012_t3_c20,1,2012-08-20,19,0.0364
2012-2013,ambient,+2C,2012_t3_c21,0,2012-08-01,0,0.0202
2012-2013,ambient,+2C,2012_t3_c21,1,2012-08-18,17,0.0342
2012-2013,ambient,+2C,2012_t3_c21,2,2012-09-16,46,0.038
2012-2013,ambient,+2C,2012_t3_c21,3,2012-11-03,94,0.0317
2012-2013,ambient,+2C,2012_t3_c22,0,2012-08-01,0,0.0202
2012-2013,ambient,+2C,2012_t3_c22,1,2012-08-16,15,0.0351
2012-2013,ambient,+2C,2012_t3_c22,2,2012-09-15,45,0.04
2012-2013,ambient,+2C,2012_t3_c23,0,2012-08-01,0,0.0179
2012-2013,ambient,+2C,2012_t3_c23,1,2012-08-29,28,0.0304
2012-2013,ambient,+2C,2012_t3_c23,2,2012-10-03,63,0.0311
2012-2013,ambient,+2C,2012_t3_c23,3,2012-12-08,129,0.0279
2012-2013,ambient,+2C,2012_t3_c23,4,2013-02-03,186,0.0332
2012-2013,ambient,+2C,2012_t3_c24,0,2012-08-01,0,0.0224
2012-2013,ambient,+2C,2012_t3_c24,1,2012-08-16,15,0.0386
2012-2013,ambient,+2C,2012_t3_c24,2,2012-09-13,43,0.0485
2012-2013,ambient,+2C,2012_t3_c24,3,2012-11-01,92,0.0405
2012-2013,ambient,+2C,2012_t3_c25,0,2012-08-01,0,0.0166
2012-2013,ambient,+2C,2012_t3_c25,1,2012-09-04,34,0.0218
2012-2013,ambient,+2C,2012_t3_c25,2,2012-10-07,67,0.016
2012-2013,ambient,+2C,2012_t3_c26,0,2012-08-01,0,0.0174
2012-2013,ambient,+2C,2012_t3_c26,1,2012-08-27,26,0.031
2012-2013,ambient,+2C,2012_t3_c27,0,2012-08-01,0,0.0176
2012-2013,ambient,+2C,2012_t3_c27,1,2012-09-02,32,0.0214
2012-2013,ambient,+2C,2012_t3_c28,0,2012-08-01,0,0.0166
2012-2013,ambient,+2C,2012_t3_c28,1,2012-08-24,23,0.0272
2012-2013,ambient,+2C,2012_t3_c28,2,2012-09-25,55,0.028
2012-2013,ambient,+2C,2012_t3_c28,3,2012-12-05,126,0.0205
2012-2013,ambient,+2C,2012_t3_c29,0,2012-08-01,0,0.0147
2012-2013,ambient,+2C,2012_t3_c29,1,2012-09-03,33,0.0184
2012-2013,ambient,+2C,2012_t3_c30,0,2012-08-01,0,0.0135
2012-2013,ambient,+2C,2012_t3_c30,1,2012-09-01,31,0.0178
2012-2013,ambient,+2C,2012_t3_c30,2,2012-10-09,69,0.0148
2012-2013,ambient,+4C,2012_t2_c01,0,2012-08-01,0,0.0218
2012-2013,ambient,+4C,2012_t2_c01,1,2012-08-15,14,0.0347
2012-2013,ambient,+4C,2012_t2_c01,2,2012-09-10,40,0.044
2012-2013,ambient,+4C,2012_t2_c01,3,2012-10-18,78,0.0415
2012-2013,ambient,+4C,2012_t2_c01,4,2012-12-09,130,0.0418
2012-2013,ambient,+4C,2012_t2_c02,0,2012-08-01,0,0.018
2012-2013,ambient,+4C,2012_t2_c02,1,2012-08-21,20,0.0284
2012-2013,ambient,+4C,2012_t2_c02,2,2012-09-20,50,0.0302
2012-2013,ambient,+4C,2012_t2_c02,3,2012-10-28,88,0.0306
2012-2013,ambient,+4C,2012_t2_c03,0,2012-08-01,0,0.0218
2012-2013,ambient,+4C,2012_t2_c03,1,2012-08-14,13,0.0364
2012-2013,ambient,+4C,2012_t2_c03,2,2012-09-07,37,0.033
2012-2013,ambient,+4C,2012_t2_c04,0,2012-08-01,0,0.0214
2012-2013,ambient,+4C,2012_t2_c04,1,2012-08-27,26,0.0288
2012-2013,ambient,+4C,2012_t2_c05,0,2012-08-01,0,0.025
2012-2013,ambient,+4C,2012_t2_c05,1,2012-08-20,19,0.0376
2012-2013,ambient,+4C,2012_t2_c05,2,2012-09-17,47,0.0423
2012-2013,ambient,+4C,2012_t2_c05,3,2012-10-26,86,0.0404
2012-2013,ambient,+4C,2012_t2_c05,4,2012-12-20,141,0.0455
2012-2013,ambient,+4C,2012_t2_c06,0,2012-08-01,0,0.0253
2012-2013,ambient,+4C,2012_t2_c06,1,2012-08-27,26,0.0392
2012-2013,ambient,+4C,2012_t2_c06,2,2012-09-29,59,0.0382
2012-2013,ambient,+4C,2012_t2_c06,3,2012-12-02,123,0.043
2012-2013,ambient,+4C,2012_t2_c07,0,2012-08-01,0,0.0192
2012-2013,ambient,+4C,2012_t2_c07,1,2012-08-18,17,0.0272
2012-2013,ambient,+4C,2012_t2_c07,2,2012-09-15,45,0.0304
2012-2013,ambient,+4C,2012_t2_c07,3,2012-10-17,77,0.0291
2012-2013,ambient,+4C,2012_t2_c08,0,2012-08-01,0,0.0252
2012-2013,ambient,+4C,2012_t2_c08,1,2012-08-14,13,0.0374
2012-2013,ambient,+4C,2012_t2_c08,2,2012-09-12,42,0.0519
2012-2013,ambient,+4C,2012_t2_c08,3,2012-10-18,78,0.0459
2012-2013,ambient,+4C,2012_t2_c09,0,2012-08-01,0,0.0198
2012-2013,ambient,+4C,2012_t2_c09,1,2012-08-20,19,0.0357
2012-2013,ambient,+4C,2012_t2_c09,2,2012-09-20,50,0.0349
2012-2013,ambient,+4C,2012_t2_c09,3,2012-11-11,102,0.0309
2012-2013,ambient,+4C,2012_t2_c10,0,2012-08-01,0,0.0188
2012-2013,ambient,+4C,2012_t2_c10,1,2012-08-20,19,0.0301
2012-2013,ambient,+4C,2012_t2_c10,2,2012-09-18,48,0.0349
2012-2013,ambient,+4C,2012_t2_c10,3,2012-10-28,88,0.0294
2012-2013,ambient,+4C,2012_t2_c10,4,2012-12-08,129,0.0301
2012-2013,ambient,+4C,2012_t2_c10,5,2013-02-04,187,0.034
2012-2013,ambient,+4C,2012_t2_c11,0,2012-08-01,0,0.0214
2012-2013,ambient,+4C,2012_t2_c11,1,2012-08-27,26,0.0286
2012-2013,ambient,+4C,2012_t2_c12,0,2012-08-01,0,0.0163
2012-2013,ambient,+4C,2012_t2_c12,1,2012-08-25,24,0.0239
2012-2013,ambient,+4C,2012_t2_c12,2,2012-09-24,54,0.0229
2012-2013,ambient,+4C,2012_t2_c13,0,2012-08-01,0,0.0277
2012-2013,ambient,+4C,2012_t2_c13,1,2012-08-17,16,0.0372
2012-2013,ambient,+4C,2012_t2_c13,2,2012-09-15,45,0.0496
2012-2013,ambient,+4C,2012_t2_c14,0,2012-08-01,0,0.0202
2012-2013,ambient,+4C,2012_t2_c14,1,2012-08-17,16,0.0344
2012-2013,ambient,+4C,2012_t2_c14,2,2012-09-13,43,0.0395
2012-2013,ambient,+4C,2012_t2_c14,3,2012-10-25,85,0.0363
2012-2013,ambient,+4C,2012_t2_c14,4,2012-12-12,133,0.0334
2012-2013,ambient,+4C,2012_t2_c15,0,2012-08-01,0,0.0207
2012-2013,ambient,+4C,2012_t2_c15,1,2012-08-22,21,0.0339
2012-2013,ambient,+4C,2012_t2_c15,2,2012-09-18,48,0.0356
2012-2013,ambient,+4C,2012_t2_c16,0,2012-08-01,0,0.0227
2012-2013,ambient,+4C,2012_t2_c16,2,2012-09-09,39,0.0547
2012-2013,ambient,+4C,2012_t2_c17,0,2012-08-01,0,0.0172
2012-2013,ambient,+4C,2012_t2_c17,1,2012-08-25,24,0.0255
2012-2013,ambient,+4C,2012_t2_c17,2,2012-09-26,56,0.0247
2012-2013,ambient,+4C,2012_t2_c18,0,2012-08-01,0,0.0199
2012-2013,ambient,+4C,2012_t2_c18,1,2012-08-19,18,0.0351
2012-2013,ambient,+4C,2012_t2_c18,2,2012-09-16,46,0.0375
2012-2013,ambient,+4C,2012_t2_c18,3,2012-10-24,84,0.0326
2012-2013,ambient,+4C,2012_t2_c19,0,2012-08-01,0,0.0176
2012-2013,ambient,+4C,2012_t2_c19,1,2012-08-23,22,0.0208
2012-2013,ambient,+4C,2012_t2_c19,2,2012-10-23,83,0.02
2012-2013,ambient,+4C,2012_t2_c19,3,2012-11-17,108,0.0178
2012-2013,ambient,+4C,2012_t2_c20,0,2012-08-01,0,0.0165
2012-2013,ambient,+4C,2012_t2_c20,1,2012-08-23,22,0.0271
2012-2013,ambient,+4C,2012_t2_c20,2,2012-09-17,47,0.0313
2012-2013,ambient,+4C,2012_t2_c21,0,2012-08-01,0,0.0198
2012-2013,ambient,+4C,2012_t2_c21,1,2012-08-29,28,0.0259
2012-2013,ambient,+4C,2012_t2_c21,2,2012-09-30,60,0.0251
2012-2013,ambient,+4C,2012_t2_c22,0,2012-08-01,0,0.0232
2012-2013,ambient,+4C,2012_t2_c22,1,2012-08-28,27,0.0306
2012-2013,ambient,+4C,2012_t2_c23,0,2012-08-01,0,0.0233
2012-2013,ambient,+4C,2012_t2_c23,1,2012-08-23,22,0.0346
2012-2013,ambient,+4C,2012_t2_c23,2,2012-09-24,54,0.0313
2012-2013,ambient,+4C,2012_t2_c23,3,2012-11-09,100,0.0274
2012-2013,ambient,+4C,2012_t2_c23,4,2013-01-05,157,0.0288
2012-2013,ambient,+4C,2012_t2_c24,0,2012-08-01,0,0.0178
2012-2013,ambient,+4C,2012_t2_c24,1,2012-08-20,19,0.0307
2012-2013,ambient,+4C,2012_t2_c24,2,2012-09-15,45,0.0357
2012-2013,ambient,+4C,2012_t2_c24,3,2012-10-23,83,0.0344
2012-2013,ambient,+4C,2012_t2_c24,4,2012-12-20,141,0.0351
2012-2013,ambient,+4C,2012_t2_c25,0,2012-08-01,0,0.0263
2012-2013,ambient,+4C,2012_t2_c25,1,2012-08-14,13,0.0449
2012-2013,ambient,+4C,2012_t2_c25,2,2012-09-09,39,0.058
2012-2013,ambient,+4C,2012_t2_c25,3,2012-10-12,72,0.0618
2012-2013,ambient,+4C,2012_t2_c25,4,2012-11-27,118,0.0621
2012-2013,ambient,+4C,2012_t2_c25,5,2013-01-16,168,0.0703
2012-2013,ambient,+4C,2012_t2_c26,0,2012-08-01,0,0.0207
2012-2013,ambient,+4C,2012_t2_c26,1,2012-08-25,24,0.027
2012-2013,ambient,+4C,2012_t2_c26,2,2012-10-23,83,0.0292
2012-2013,ambient,+4C,2012_t2_c27,0,2012-08-01,0,0.0185
2012-2013,ambient,+4C,2012_t2_c27,1,2012-08-30,29,0.0252
2012-2013,ambient,+4C,2012_t2_c28,0,2012-08-01,0,0.0187
2012-2013,ambient,+4C,2012_t2_c28,1,2012-08-28,27,0.0257
2012-2013,ambient,+4C,2012_t2_c28,2,2012-09-29,59,0.0243
2012-2013,ambient,+4C,2012_t2_c28,3,2012-12-07,128,0.0229
2012-2013,ambient,+4C,2012_t2_c29,0,2012-08-01,0,0.0125
2012-2013,ambient,+4C,2012_t2_c29,1,2012-08-31,30,0.017
2012-2013,ambient,+4C,2012_t2_c29,2,2012-09-28,58,0.016
2012-2013,ambient,+4C,2012_t2_c29,3,2012-11-10,101,0.0138
2012-2013,ambient,+4C,2012_t2_c30,0,2012-08-01,0,0.0178
2012-2013,ambient,+4C,2012_t2_c30,1,2012-08-20,19,0.0281
2012-2013,ambient,+4C,2012_t2_c30,2,2012-09-16,46,0.0369
2012-2013,ambient,ambient,2012_t1_c01,0,2012-08-01,0,0.0202
2012-2013,ambient,ambient,2012_t1_c01,1,2012-08-30,29,0.032
2012-2013,ambient,ambient,2012_t1_c02,0,2012-08-01,0,0.0194
2012-2013,ambient,ambient,2012_t1_c02,1,2012-09-01,31,0.0304
2012-2013,ambient,ambient,2012_t1_c02,2,2012-10-16,76,0.0291
2012-2013,ambient,ambient,2012_t1_c02,3,2013-02-04,187,0.0367
2012-2013,ambient,ambient,2012_t1_c03,0,2012-08-01,0,0.0213
2012-2013,ambient,ambient,2012_t1_c03,1,2012-08-23,22,0.0269
2012-2013,ambient,ambient,2012_t1_c03,2,2012-09-28,58,0.0265
2012-2013,ambient,ambient,2012_t1_c03,3,2012-12-08,129,0.0304
2012-2013,ambient,ambient,2012_t1_c04,0,2012-08-01,0,0.0178
2012-2013,ambient,ambient,2012_t1_c04,1,2012-08-22,21,0.0321
2012-2013,ambient,ambient,2012_t1_c04,2,2012-10-03,63,0.0317
2012-2013,ambient,ambient,2012_t1_c05,0,2012-08-01,0,0.0168
2012-2013,ambient,ambient,2012_t1_c05,1,2012-09-03,33,0.0223
2012-2013,ambient,ambient,2012_t1_c05,2,2012-10-20,80,0.0238
2012-2013,ambient,ambient,2012_t1_c06,0,2012-08-01,0,0.0231
2012-2013,ambient,ambient,2012_t1_c06,1,2012-08-31,30,0.0377
2012-2013,ambient,ambient,2012_t1_c06,2,2012-10-12,72,0.0415
2012-2013,ambient,ambient,2012_t1_c06,3,2013-01-05,157,0.0462
2012-2013,ambient,ambient,2012_t1_c07,0,2012-08-01,0,0.021
2012-2013,ambient,ambient,2012_t1_c07,1,2012-08-27,26,0.03
2012-2013,ambient,ambient,2012_t1_c07,2,2012-10-17,77,0.0286
2012-2013,ambient,ambient,2012_t1_c07,3,2013-01-29,181,0.034
2012-2013,ambient,ambient,2012_t1_c08,0,2012-08-01,0,0.0196
2012-2013,ambient,ambient,2012_t1_c08,1,2012-08-28,27,0.0311
2012-2013,ambient,ambient,2012_t1_c08,2,2012-10-15,75,0.0278
2012-2013,ambient,ambient,2012_t1_c09,0,2012-08-01,0,0.0148
2012-2013,ambient,ambient,2012_t1_c09,1,2012-09-06,36,0.021
2012-2013,ambient,ambient,2012_t1_c10,0,2012-08-01,0,0.0218
2012-2013,ambient,ambient,2012_t1_c10,1,2012-09-02,32,0.0313
2012-2013,ambient,ambient,2012_t1_c10,2,2012-10-19,79,0.0224
2012-2013,ambient,ambient,2012_t1_c10,3,2013-01-05,157,0.0328
2012-2013,ambient,ambient,2012_t1_c11,0,2012-08-01,0,0.0208
2012-2013,ambient,ambient,2012_t1_c11,1,2012-09-06,36,0.028
2012-2013,ambient,ambient,2012_t1_c12,0,2012-08-01,0,0.0248
2012-2013,ambient,ambient,2012_t1_c12,1,2012-08-14,13,0.0415
2012-2013,ambient,ambient,2012_t1_c12,2,2012-09-19,49,0.0537
2012-2013,ambient,ambient,2012_t1_c12,3,2012-11-25,116,0.0527
2012-2013,ambient,ambient,2012_t1_c13,0,2012-08-01,0,0.0238
2012-2013,ambient,ambient,2012_t1_c13,1,2012-08-21,20,0.0394
2012-2013,ambient,ambient,2012_t1_c13,2,2012-09-29,59,0.0346
2012-2013,ambient,ambient,2012_t1_c13,3,2012-12-08,129,0.0352
2012-2013,ambient,ambient,2012_t1_c14,0,2012-08-01,0,0.0229
2012-2013,ambient,ambient,2012_t1_c14,1,2012-08-24,23,0.0358
2012-2013,ambient,ambient,2012_t1_c14,2,2012-09-30,60,0.0195
2012-2013,ambient,ambient,2012_t1_c15,0,2012-08-01,0,0.0095
2012-2013,ambient,ambient,2012_t1_c15,1,2012-08-16,15,0.0124
2012-2013,ambient,ambient,2012_t1_c15,2,2012-09-23,53,0.0143
2012-2013,ambient,ambient,2012_t1_c16,0,2012-08-01,0,0.0174
2012-2013,ambient,ambient,2012_t1_c16,1,2012-08-28,27,0.0317
2012-2013,ambient,ambient,2012_t1_c17,0,2012-08-01,0,0.0189
2012-2013,ambient,ambient,2012_t1_c17,1,2012-09-06,36,0.0255
2012-2013,ambient,ambient,2012_t1_c18,0,2012-08-01,0,0.0193
2012-2013,ambient,ambient,2012_t1_c18,1,2012-08-21,20,0.0316
2012-2013,ambient,ambient,2012_t1_c18,2,2012-09-27,57,0.0334
2012-2013,ambient,ambient,2012_t1_c18,3,2013-12-22,508,0.0405
2012-2013,ambient,ambient,2012_t1_c19,0,2012-08-01,0,0.0215
2012-2013,ambient,ambient,2012_t1_c19,1,2012-08-29,28,0.0336
2012-2013,ambient,ambient,2012_t1_c19,2,2012-10-11,71,0.0261
2012-2013,ambient,ambient,2012_t1_c19,3,2012-12-17,138,0.0329
2012-2013,ambient,ambient,2012_t1_c20,0,2012-08-01,0,0.0218
2012-2013,ambient,ambient,2012_t1_c20,1,2012-09-03,33,0.0235
2012-2013,ambient,ambient,2012_t1_c20,2,2012-10-29,89,0.0186
2012-2013,ambient,ambient,2012_t1_c21,0,2012-08-01,0,0.0211
2012-2013,ambient,ambient,2012_t1_c21,1,2012-08-30,29,0.0335
2012-2013,ambient,ambient,2012_t1_c22,0,2012-08-01,0,0.0183
2012-2013,ambient,ambient,2012_t1_c22,1,2012-08-28,27,0.0291
2012-2013,ambient,ambient,2012_t1_c22,2,2012-10-17,77,0.0235
2012-2013,ambient,ambient,2012_t1_c23,0,2012-08-01,0,0.0276
2012-2013,ambient,ambient,2012_t1_c23,1,2012-08-16,15,0.0476
2012-2013,ambient,ambient,2012_t1_c23,2,2012-09-17,47,0.0576
2012-2013,ambient,ambient,2012_t1_c24,0,2012-08-01,0,0.019
2012-2013,ambient,ambient,2012_t1_c24,1,2012-08-17,16,0.0309
2012-2013,ambient,ambient,2012_t1_c25,0,2012-08-01,0,0.0174
2012-2013,ambient,ambient,2012_t1_c25,1,2012-08-25,24,0.0237
2012-2013,ambient,ambient,2012_t1_c25,2,2012-10-02,62,0.0195
2012-2013,ambient,ambient,2012_t1_c25,3,2013-12-19,505,0.0255
2012-2013,ambient,ambient,2012_t1_c26,0,2012-08-01,0,0.0181
2012-2013,ambient,ambient,2012_t1_c26,1,2012-09-01,31,0.0288
2012-2013,ambient,ambient,2012_t1_c26,2,2012-10-14,74,0.0337
2012-2013,ambient,ambient,2012_t1_c27,0,2012-08-01,0,0.0282
2012-2013,ambient,ambient,2012_t1_c27,1,2012-08-17,16,0.0455
2012-2013,ambient,ambient,2012_t1_c27,2,2012-09-27,57,0.0413
2012-2013,ambient,ambient,2012_t1_c27,3,2012-12-15,136,0.0476
2012-2013,ambient,ambient,2012_t1_c28,0,2012-08-01,0,0.0185
2012-2013,ambient,ambient,2012_t1_c28,1,2012-08-19,18,0.0339
2012-2013,ambient,ambient,2012_t1_c28,2,2012-09-20,50,0.0394
2012-2013,ambient,ambient,2012_t1_c28,3,2012-11-18,109,0.0368
2012-2013,ambient,ambient,2012_t1_c29,0,2012-08-01,0,0.0285
2012-2013,ambient,ambient,2012_t1_c29,1,2012-08-18,17,0.054
2012-2013,ambient,ambient,2012_t1_c29,2,2012-09-21,51,0.0682
2012-2013,ambient,ambient,2012_t1_c29,3,2012-11-15,106,0.0836
2012-2013,ambient,ambient,2012_t1_c30,0,2012-08-01,0,0.023
2012-2013,ambient,ambient,2012_t1_c30,1,2012-08-23,22,0.0379
2012-2013,ambient,ambient,2012_t1_c30,2,2012-10-02,62,0.0382
2012-2013,ambient,ambient,2012_t1_c30,3,2013-01-09,161,0.0475
2012-2013,pH 7.8,+2C,2012_t5_c01,0,2012-08-01,0,0.0187
2012-2013,pH 7.8,+2C,2012_t5_c01,1,2012-08-17,16,0.0323
2012-2013,pH 7.8,+2C,2012_t5_c01,2,2012-09-09,39,0.0466
2012-2013,pH 7.8,+2C,2012_t5_c01,3,2012-10-16,76,0.0455
2012-2013,pH 7.8,+2C,2012_t5_c01,4,2013-01-04,156,0.0543
2012-2013,pH 7.8,+2C,2012_t5_c02,0,2012-08-01,0,0.0242
2012-2013,pH 7.8,+2C,2012_t5_c02,1,2012-08-13,12,0.041
2012-2013,pH 7.8,+2C,2012_t5_c02,2,2012-09-12,42,0.0513
2012-2013,pH 7.8,+2C,2012_t5_c03,0,2012-08-01,0,0.0195
2012-2013,pH 7.8,+2C,2012_t5_c03,1,2012-08-29,28,0.0254
2012-2013,pH 7.8,+2C,2012_t5_c03,2,2012-10-11,71,0.026
2012-2013,pH 7.8,+2C,2012_t5_c03,3,2012-12-29,150,0.0301
2012-2013,pH 7.8,+2C,2012_t5_c04,0,2012-08-01,0,0.0186
2012-2013,pH 7.8,+2C,2012_t5_c04,1,2012-08-23,22,0.03
2012-2013,pH 7.8,+2C,2012_t5_c04,2,2012-09-23,53,0.0313
2012-2013,pH 7.8,+2C,2012_t5_c05,0,2012-08-01,0,0.016
2012-2013,pH 7.8,+2C,2012_t5_c05,1,2012-08-25,24,0.0223
2012-2013,pH 7.8,+2C,2012_t5_c05,2,2012-10-02,62,0.0167
2012-2013,pH 7.8,+2C,2012_t5_c06,0,2012-08-01,0,0.0188
2012-2013,pH 7.8,+2C,2012_t5_c06,1,2012-08-18,17,0.0293
2012-2013,pH 7.8,+2C,2012_t5_c06,2,2012-09-18,48,0.0343
2012-2013,pH 7.8,+2C,2012_t5_c06,3,2012-11-03,94,0.0333
2012-2013,pH 7.8,+2C,2012_t5_c06,4,2013-02-02,185,0.03
2012-2013,pH 7.8,+2C,2012_t5_c07,0,2012-08-01,0,0.0268
2012-2013,pH 7.8,+2C,2012_t5_c07,1,2012-08-16,15,0.0468
2012-2013,pH 7.8,+2C,2012_t5_c07,2,2012-09-17,47,0.0476
2012-2013,pH 7.8,+2C,2012_t5_c08,0,2012-08-01,0,0.0168
2012-2013,pH 7.8,+2C,2012_t5_c08,1,2012-09-01,31,0.0214
2012-2013,pH 7.8,+2C,2012_t5_c08,2,2012-10-10,70,0.0158
2012-2013,pH 7.8,+2C,2012_t5_c09,0,2012-08-01,0,0.0268
2012-2013,pH 7.8,+2C,2012_t5_c09,1,2012-08-13,12,0.0512
2012-2013,pH 7.8,+2C,2012_t5_c09,2,2012-09-14,44,0.0604
2012-2013,pH 7.8,+2C,2012_t5_c09,3,2012-12-11,132,0.0603
2012-2013,pH 7.8,+2C,2012_t5_c10,0,2012-08-01,0,0.0176
2012-2013,pH 7.8,+2C,2012_t5_c10,1,2012-08-25,24,0.0242
2012-2013,pH 7.8,+2C,2012_t5_c10,2,2012-10-23,83,0.0248
2012-2013,pH 7.8,+2C,2012_t5_c11,0,2012-08-01,0,0.0194
2012-2013,pH 7.8,+2C,2012_t5_c11,1,2012-08-23,22,0.0295
2012-2013,pH 7.8,+2C,2012_t5_c11,2,2012-10-09,69,0.0292
2012-2013,pH 7.8,+2C,2012_t5_c11,3,2012-12-17,138,0.0272
2012-2013,pH 7.8,+2C,2012_t5_c12,0,2012-08-01,0,0.0113
2012-2013,pH 7.8,+2C,2012_t5_c12,1,2012-08-11,10,0.0137
2012-2013,pH 7.8,+2C,2012_t5_c12,2,2012-09-02,32,0.0197
2012-2013,pH 7.8,+2C,2012_t5_c12,3,2012-10-14,74,0.0212
2012-2013,pH 7.8,+2C,2012_t5_c13,0,2012-08-01,0,0.0122
2012-2013,pH 7.8,+2C,2012_t5_c13,1,2012-08-29,28,0.0165
2012-2013,pH 7.8,+2C,2012_t5_c13,2,2012-10-07,67,0.0169
2012-2013,pH 7.8,+2C,2012_t5_c14,0,2012-08-01,0,0.0137
2012-2013,pH 7.8,+2C,2012_t5_c14,1,2012-09-01,31,0.0214
2012-2013,pH 7.8,+2C,2012_t5_c15,0,2012-08-01,0,0.0207
2012-2013,pH 7.8,+2C,2012_t5_c15,1,2012-08-20,19,0.0354
2012-2013,pH 7.8,+2C,2012_t5_c15,2,2012-09-18,48,0.0427
2012-2013,pH 7.8,+2C,2012_t5_c15,3,2012-10-30,90,0.0464
2012-2013,pH 7.8,+2C,2012_t5_c15,4,2013-01-01,153,0.0545
2012-2013,pH 7.8,+2C,2012_t5_c16,0,2012-08-01,0,0.0136
2012-2013,pH 7.8,+2C,2012_t5_c16,1,2012-08-31,30,0.0188
2012-2013,pH 7.8,+2C,2012_t5_c17,0,2012-08-01,0,0.019
2012-2013,pH 7.8,+2C,2012_t5_c17,1,2012-08-23,22,0.0293
2012-2013,pH 7.8,+2C,2012_t5_c17,2,2012-09-30,60,0.0316
2012-2013,pH 7.8,+2C,2012_t5_c18,0,2012-08-01,0,0.0103
2012-2013,pH 7.8,+2C,2012_t5_c18,1,2012-09-02,32,0.0193
2012-2013,pH 7.8,+2C,2012_t5_c19,0,2012-08-01,0,0.0179
2012-2013,pH 7.8,+2C,2012_t5_c19,1,2012-08-25,24,0.0255
2012-2013,pH 7.8,+2C,2012_t5_c19,2,2012-10-23,83,0.0285
2012-2013,pH 7.8,+2C,2012_t5_c20,0,2012-08-01,0,0.0153
2012-2013,pH 7.8,+2C,2012_t5_c20,1,2012-08-27,26,0.0215
2012-2013,pH 7.8,+2C,2012_t5_c20,2,2012-10-03,63,0.0152
2012-2013,pH 7.8,+2C,2012_t5_c21,0,2012-08-01,0,0.0188
2012-2013,pH 7.8,+2C,2012_t5_c21,1,2012-08-20,19,0.0294
2012-2013,pH 7.8,+2C,2012_t5_c21,2,2012-09-22,52,0.0321
2012-2013,pH 7.8,+2C,2012_t5_c21,3,2012-12-19,140,0.0304
2012-2013,pH 7.8,+2C,2012_t5_c22,0,2012-08-01,0,0.0198
2012-2013,pH 7.8,+2C,2012_t5_c22,1,2012-08-28,27,0.0329
2012-2013,pH 7.8,+2C,2012_t5_c22,2,2012-10-08,68,0.03
2012-2013,pH 7.8,+2C,2012_t5_c22,3,2012-12-19,140,0.0293
2012-2013,pH 7.8,+2C,2012_t5_c23,0,2012-08-01,0,0.0184
2012-2013,pH 7.8,+2C,2012_t5_c23,1,2012-08-23,22,0.0305
2012-2013,pH 7.8,+2C,2012_t5_c23,2,2012-09-29,59,0.0297
2012-2013,pH 7.8,+2C,2012_t5_c24,0,2012-08-01,0,0.0147
2012-2013,pH 7.8,+2C,2012_t5_c24,1,2012-08-23,22,0.0195
2012-2013,pH 7.8,+2C,2012_t5_c24,2,2012-09-28,58,0.0165
2012-2013,pH 7.8,+2C,2012_t5_c24,3,2012-12-21,142,0.0186
2012-2013,pH 7.8,+2C,2012_t5_c25,0,2012-08-01,0,0.0216
2012-2013,pH 7.8,+2C,2012_t5_c25,1,2012-08-29,28,0.0308
2012-2013,pH 7.8,+2C,2012_t5_c25,2,2012-10-08,68,0.0308
2012-2013,pH 7.8,+2C,2012_t5_c25,3,2013-01-10,162,0.031
2012-2013,pH 7.8,+2C,2012_t5_c26,0,2012-08-01,0,0.0196
2012-2013,pH 7.8,+2C,2012_t5_c26,1,2012-08-18,17,0.0298
2012-2013,pH 7.8,+2C,2012_t5_c26,2,2012-09-19,49,0.0343
2012-2013,pH 7.8,+2C,2012_t5_c26,3,2012-11-13,104,0.0328
2012-2013,pH 7.8,+2C,2012_t5_c26,4,2013-01-21,173,0.0463
2012-2013,pH 7.8,+2C,2012_t5_c27,0,2012-08-01,0,0.0202
2012-2013,pH 7.8,+2C,2012_t5_c27,1,2012-08-29,28,0.0314
2012-2013,pH 7.8,+2C,2012_t5_c27,2,2012-10-04,64,0.0334
2012-2013,pH 7.8,+2C,2012_t5_c27,3,2012-11-24,115,0.0347
2012-2013,pH 7.8,+2C,2012_t5_c27,4,2013-02-04,187,0.046
2012-2013,pH 7.8,+2C,2012_t5_c28,0,2012-08-01,0,0.0176
2012-2013,pH 7.8,+2C,2012_t5_c28,1,2012-08-26,25,0.0327
2012-2013,pH 7.8,+2C,2012_t5_c28,2,2012-10-23,83,0.0252
2012-2013,pH 7.8,+2C,2012_t5_c29,0,2012-08-01,0,0.0158
2012-2013,pH 7.8,+2C,2012_t5_c29,1,2012-08-23,22,0.0252
2012-2013,pH 7.8,+2C,2012_t5_c29,2,2012-10-02,62,0.0284
2012-2013,pH 7.8,+2C,2012_t5_c29,3,2012-12-23,144,0.0259
2012-2013,pH 7.8,+2C,2012_t5_c30,0,2012-08-01,0,0.02
2012-2013,pH 7.8,+2C,2012_t5_c30,1,2012-08-16,15,0.0337
2012-2013,pH 7.8,+2C,2012_t5_c30,2,2012-09-15,45,0.0408
2012-2013,pH 7.8,+2C,2012_t5_c30,3,2012-10-23,83,0.0394
2012-2013,pH 7.8,+2C,2012_t5_c30,4,2013-01-05,157,0.0362
2012-2013,pH 7.8,+4C,2012_t6_c01,0,2012-08-01,0,0.0228
2012-2013,pH 7.8,+4C,2012_t6_c01,1,2012-08-17,16,0.0345
2012-2013,pH 7.8,+4C,2012_t6_c01,2,2012-09-13,43,0.0386
2012-2013,pH 7.8,+4C,2012_t6_c02,0,2012-08-01,0,0.0199
2012-2013,pH 7.8,+4C,2012_t6_c02,1,2012-08-21,20,0.0302
2012-2013,pH 7.8,+4C,2012_t6_c02,2,2012-09-18,48,0.0304
2012-2013,pH 7.8,+4C,2012_t6_c03,0,2012-08-01,0,0.024
2012-2013,pH 7.8,+4C,2012_t6_c03,1,2012-08-15,14,0.04
2012-2013,pH 7.8,+4C,2012_t6_c03,2,2012-09-17,47,0.0366
2012-2013,pH 7.8,+4C,2012_t6_c03,3,2012-11-07,98,0.033
2012-2013,pH 7.8,+4C,2012_t6_c04,0,2012-08-01,0,0.0162
2012-2013,pH 7.8,+4C,2012_t6_c04,1,2012-08-15,14,0.0269
2012-2013,pH 7.8,+4C,2012_t6_c04,2,2012-09-09,39,0.0289
2012-2013,pH 7.8,+4C,2012_t6_c05,0,2012-08-01,0,0.0158
2012-2013,pH 7.8,+4C,2012_t6_c05,1,2012-08-21,20,0.0234
2012-2013,pH 7.8,+4C,2012_t6_c05,2,2012-09-19,49,0.0175
2012-2013,pH 7.8,+4C,2012_t6_c06,0,2012-08-01,0,0.0182
2012-2013,pH 7.8,+4C,2012_t6_c07,0,2012-08-01,0,0.0167
2012-2013,pH 7.8,+4C,2012_t6_c07,1,2012-08-27,26,0.029
2012-2013,pH 7.8,+4C,2012_t6_c08,0,2012-08-01,0,0.018
2012-2013,pH 7.8,+4C,2012_t6_c08,1,2012-08-17,16,0.0261
2012-2013,pH 7.8,+4C,2012_t6_c08,2,2012-09-16,46,0.0297
2012-2013,pH 7.8,+4C,2012_t6_c09,0,2012-08-01,0,0.0141
2012-2013,pH 7.8,+4C,2012_t6_c09,1,2012-08-22,21,0.0224
2012-2013,pH 7.8,+4C,2012_t6_c10,0,2012-08-01,0,0.0232
2012-2013,pH 7.8,+4C,2012_t6_c10,1,2012-08-14,13,0.0411
2012-2013,pH 7.8,+4C,2012_t6_c10,2,2012-09-10,40,0.0425
2012-2013,pH 7.8,+4C,2012_t6_c11,0,2012-08-01,0,0.0156
2012-2013,pH 7.8,+4C,2012_t6_c11,1,2012-08-27,26,0.0235
2012-2013,pH 7.8,+4C,2012_t6_c12,0,2012-08-01,0,0.0242
2012-2013,pH 7.8,+4C,2012_t6_c12,1,2012-08-17,16,0.0379
2012-2013,pH 7.8,+4C,2012_t6_c12,2,2012-09-12,42,0.0407
2012-2013,pH 7.8,+4C,2012_t6_c13,0,2012-08-01,0,0.0192
2012-2013,pH 7.8,+4C,2012_t6_c13,1,2012-08-27,26,0.027
2012-2013,pH 7.8,+4C,2012_t6_c13,2,2012-10-02,62,0.0182
2012-2013,pH 7.8,+4C,2012_t6_c14,0,2012-08-01,0,0.0161
2012-2013,pH 7.8,+4C,2012_t6_c14,1,2012-08-21,20,0.0256
2012-2013,pH 7.8,+4C,2012_t6_c14,2,2012-09-21,51,0.0198
2012-2013,pH 7.8,+4C,2012_t6_c15,0,2012-08-01,0,0.022
2012-2013,pH 7.8,+4C,2012_t6_c15,1,2012-08-24,23,0.0281
2012-2013,pH 7.8,+4C,2012_t6_c15,2,2012-09-25,55,0.0282
2012-2013,pH 7.8,+4C,2012_t6_c15,3,2012-11-26,117,0.0257
2012-2013,pH 7.8,+4C,2012_t6_c15,4,2013-02-01,184,0.0275
2012-2013,pH 7.8,+4C,2012_t6_c16,0,2012-08-01,0,0.0149
2012-2013,pH 7.8,+4C,2012_t6_c16,1,2012-08-25,24,0.0203
2012-2013,pH 7.8,+4C,2012_t6_c16,2,2012-11-15,106,0.013
2012-2013,pH 7.8,+4C,2012_t6_c17,0,2012-08-01,0,0.0172
2012-2013,pH 7.8,+4C,2012_t6_c17,1,2012-08-22,21,0.0252
2012-2013,pH 7.8,+4C,2012_t6_c17,2,2012-09-21,51,0.0236
2012-2013,pH 7.8,+4C,2012_t6_c17,3,2012-12-02,123,0.0206
2012-2013,pH 7.8,+4C,2012_t6_c18,0,2012-08-01,0,0.0186
2012-2013,pH 7.8,+4C,2012_t6_c18,1,2012-08-23,22,0.0238
2012-2013,pH 7.8,+4C,2012_t6_c18,2,2012-09-26,56,0.0216
2012-2013,pH 7.8,+4C,2012_t6_c19,0,2012-08-01,0,0.0228
2012-2013,pH 7.8,+4C,2012_t6_c19,1,2012-08-18,17,0.0329
2012-2013,pH 7.8,+4C,2012_t6_c19,2,2012-09-16,46,0.039
2012-2013,pH 7.8,+4C,2012_t6_c20,0,2012-08-01,0,0.0212
2012-2013,pH 7.8,+4C,2012_t6_c20,1,2012-08-17,16,0.0333
2012-2013,pH 7.8,+4C,2012_t6_c20,2,2012-09-12,42,0.0331
2012-2013,pH 7.8,+4C,2012_t6_c21,0,2012-08-01,0,0.0242
2012-2013,pH 7.8,+4C,2012_t6_c21,1,2012-08-15,14,0.0456
2012-2013,pH 7.8,+4C,2012_t6_c22,0,2012-08-01,0,0.017
2012-2013,pH 7.8,+4C,2012_t6_c22,1,2012-08-25,24,0.0221
2012-2013,pH 7.8,+4C,2012_t6_c23,0,2012-08-01,0,0.0216
2012-2013,pH 7.8,+4C,2012_t6_c23,1,2012-08-16,15,0.0364
2012-2013,pH 7.8,+4C,2012_t6_c23,2,2012-09-12,42,0.0382
2012-2013,pH 7.8,+4C,2012_t6_c24,0,2012-08-01,0,0.016
2012-2013,pH 7.8,+4C,2012_t6_c24,1,2012-08-23,22,0.0222
2012-2013,pH 7.8,+4C,2012_t6_c25,0,2012-08-01,0,0.0265
2012-2013,pH 7.8,+4C,2012_t6_c25,1,2012-08-14,13,0.0459
2012-2013,pH 7.8,+4C,2012_t6_c25,2,2012-09-10,40,0.0576
2012-2013,pH 7.8,+4C,2012_t6_c25,3,2012-10-24,84,0.0505
2012-2013,pH 7.8,+4C,2012_t6_c26,0,2012-08-01,0,0.021
2012-2013,pH 7.8,+4C,2012_t6_c26,1,2012-08-23,22,0.0265
2012-2013,pH 7.8,+4C,2012_t6_c27,0,2012-08-01,0,0.0202
2012-2013,pH 7.8,+4C,2012_t6_c27,1,2012-08-16,15,0.0385
2012-2013,pH 7.8,+4C,2012_t6_c27,2,2012-09-04,34,0.0572
2012-2013,pH 7.8,+4C,2012_t6_c27,3,2012-10-10,70,0.0442
2012-2013,pH 7.8,+4C,2012_t6_c28,0,2012-08-01,0,0.0085
2012-2013,pH 7.8,+4C,2012_t6_c28,1,2012-08-12,11,0.0101
2012-2013,pH 7.8,+4C,2012_t6_c28,2,2012-09-03,33,0.0124
2012-2013,pH 7.8,+4C,2012_t6_c29,0,2012-08-01,0,0.0216
2012-2013,pH 7.8,+4C,2012_t6_c29,1,2012-08-17,16,0.0352
2012-2013,pH 7.8,+4C,2012_t6_c29,2,2012-09-11,41,0.0393
2012-2013,pH 7.8,+4C,2012_t6_c30,0,2012-08-01,0,0.019
2012-2013,pH 7.8,+4C,2012_t6_c30,1,2012-08-19,18,0.0269
2012-2013,pH 7.8,+4C,2012_t6_c30,2,2012-09-16,46,0.0286
2012-2013,pH 7.8,ambient,2012_t4_c01,0,2012-08-01,0,0.0217
2012-2013,pH 7.8,ambient,2012_t4_c01,1,2012-08-22,21,0.0334
2012-2013,pH 7.8,ambient,2012_t4_c01,2,2012-09-27,57,0.0297
2012-2013,pH 7.8,ambient,2012_t4_c01,3,2012-11-18,109,0.0313
2012-2013,pH 7.8,ambient,2012_t4_c02,0,2012-08-01,0,0.0166
2012-2013,pH 7.8,ambient,2012_t4_c02,1,2012-08-28,27,0.03
2012-2013,pH 7.8,ambient,2012_t4_c02,2,2012-10-10,70,0.0182
2012-2013,pH 7.8,ambient,2012_t4_c03,0,2012-08-01,0,0.0117
2012-2013,pH 7.8,ambient,2012_t4_c03,1,2012-09-04,34,0.0221
2012-2013,pH 7.8,ambient,2012_t4_c04,0,2012-08-01,0,0.0205
2012-2013,pH 7.8,ambient,2012_t4_c04,1,2012-08-18,17,0.0362
2012-2013,pH 7.8,ambient,2012_t4_c04,2,2012-09-21,51,0.0467
2012-2013,pH 7.8,ambient,2012_t4_c04,3,2012-11-30,121,0.0378
2012-2013,pH 7.8,ambient,2012_t4_c05,0,2012-08-01,0,0.024
2012-2013,pH 7.8,ambient,2012_t4_c05,1,2012-08-16,15,0.0426
2012-2013,pH 7.8,ambient,2012_t4_c05,2,2012-09-23,53,0.0504
2012-2013,pH 7.8,ambient,2012_t4_c06,0,2012-08-01,0,0.0175
2012-2013,pH 7.8,ambient,2012_t4_c06,1,2012-08-18,17,0.0322
2012-2013,pH 7.8,ambient,2012_t4_c06,2,2012-09-20,50,0.0328
2012-2013,pH 7.8,ambient,2012_t4_c06,3,2012-11-24,115,0.0359
2012-2013,pH 7.8,ambient,2012_t4_c06,4,2013-02-03,186,0.0615
2012-2013,pH 7.8,ambient,2012_t4_c07,0,2012-08-01,0,0.0213
2012-2013,pH 7.8,ambient,2012_t4_c07,1,2012-08-29,28,0.0314
2012-2013,pH 7.8,ambient,2012_t4_c07,2,2012-10-18,78,0.0301
2012-2013,pH 7.8,ambient,2012_t4_c07,3,2013-02-02,185,0.0567
2012-2013,pH 7.8,ambient,2012_t4_c08,0,2012-08-01,0,0.0258
2012-2013,pH 7.8,ambient,2012_t4_c08,1,2012-08-14,13,0.0486
2012-2013,pH 7.8,ambient,2012_t4_c08,2,2012-09-14,44,0.0573
2012-2013,pH 7.8,ambient,2012_t4_c08,3,2012-11-18,109,0.0532
2012-2013,pH 7.8,ambient,2012_t4_c09,0,2012-08-01,0,0.0239
2012-2013,pH 7.8,ambient,2012_t4_c09,1,2012-08-23,22,0.0395
2012-2013,pH 7.8,ambient,2012_t4_c09,2,2012-10-02,62,0.0353
2012-2013,pH 7.8,ambient,2012_t4_c10,0,2012-08-01,0,0.0166
2012-2013,pH 7.8,ambient,2012_t4_c10,1,2012-08-25,24,0.0268
2012-2013,pH 7.8,ambient,2012_t4_c10,2,2012-10-06,66,0.0308
2012-2013,pH 7.8,ambient,2012_t4_c11,0,2012-08-01,0,0.0163
2012-2013,pH 7.8,ambient,2012_t4_c11,1,2012-08-28,27,0.0276
2012-2013,pH 7.8,ambient,2012_t4_c11,2,2012-10-14,74,0.0196
2012-2013,pH 7.8,ambient,2012_t4_c12,0,2012-08-01,0,0.0186
2012-2013,pH 7.8,ambient,2012_t4_c12,1,2012-08-27,26,0.0352
2012-2013,pH 7.8,ambient,2012_t4_c13,0,2012-08-01,0,0.0158
2012-2013,pH 7.8,ambient,2012_t4_c13,1,2012-09-02,32,0.0222
2012-2013,pH 7.8,ambient,2012_t4_c14,0,2012-08-01,0,0.0161
2012-2013,pH 7.8,ambient,2012_t4_c14,1,2012-08-24,23,0.0256
2012-2013,pH 7.8,ambient,2012_t4_c14,2,2012-10-05,65,0.0245
2012-2013,pH 7.8,ambient,2012_t4_c15,0,2012-08-01,0,0.0189
2012-2013,pH 7.8,ambient,2012_t4_c15,1,2012-08-25,24,0.0346
2012-2013,pH 7.8,ambient,2012_t4_c15,2,2012-10-02,62,0.0302
2012-2013,pH 7.8,ambient,2012_t4_c15,3,2012-12-11,132,0.0315
2012-2013,pH 7.8,ambient,2012_t4_c16,0,2012-08-01,0,0.0149
2012-2013,pH 7.8,ambient,2012_t4_c16,1,2012-09-06,36,0.023
2012-2013,pH 7.8,ambient,2012_t4_c16,2,2012-10-24,84,0.0185
2012-2013,pH 7.8,ambient,2012_t4_c17,0,2012-08-01,0,0.0226
2012-2013,pH 7.8,ambient,2012_t4_c17,1,2012-08-31,30,0.0345
2012-2013,pH 7.8,ambient,2012_t4_c17,2,2012-10-29,89,0.022
2012-2013,pH 7.8,ambient,2012_t4_c18,0,2012-08-01,0,0.0175
2012-2013,pH 7.8,ambient,2012_t4_c18,1,2012-08-27,26,0.0285
2012-2013,pH 7.8,ambient,2012_t4_c18,2,2012-10-16,76,0.0242
2012-2013,pH 7.8,ambient,2012_t4_c18,3,2013-02-02,185,0.033
2012-2013,pH 7.8,ambient,2012_t4_c19,0,2012-08-01,0,0.0207
2012-2013,pH 7.8,ambient,2012_t4_c19,1,2012-08-16,15,0.0345
2012-2013,pH 7.8,ambient,2012_t4_c19,2,2012-09-18,48,0.0393
2012-2013,pH 7.8,ambient,2012_t4_c19,3,2012-12-14,135,0.0367
2012-2013,pH 7.8,ambient,2012_t4_c20,0,2012-08-01,0,0.0163
2012-2013,pH 7.8,ambient,2012_t4_c20,1,2012-08-23,22,0.0239
2012-2013,pH 7.8,ambient,2012_t4_c20,2,2012-10-05,65,0.0231
2012-2013,pH 7.8,ambient,2012_t4_c21,0,2012-08-01,0,0.0135
2012-2013,pH 7.8,ambient,2012_t4_c21,1,2012-09-04,34,0.0224
2012-2013,pH 7.8,ambient,2012_t4_c21,2,2012-10-26,86,0.0172
2012-2013,pH 7.8,ambient,2012_t4_c22,0,2012-08-01,0,0.0162
2012-2013,pH 7.8,ambient,2012_t4_c22,1,2012-09-05,35,0.0219
2012-2013,pH 7.8,ambient,2012_t4_c22,2,2012-10-29,89,0.0192
2012-2013,pH 7.8,ambient,2012_t4_c23,0,2012-08-01,0,0.0215
2012-2013,pH 7.8,ambient,2012_t4_c23,1,2012-08-28,27,0.0361
2012-2013,pH 7.8,ambient,2012_t4_c23,2,2012-10-14,74,0.0302
2012-2013,pH 7.8,ambient,2012_t4_c24,0,2012-08-01,0,0.0193
2012-2013,pH 7.8,ambient,2012_t4_c24,1,2012-08-30,29,0.0276
2012-2013,pH 7.8,ambient,2012_t4_c25,0,2012-08-01,0,0.0173
2012-2013,pH 7.8,ambient,2012_t4_c25,1,2012-08-24,23,0.0252
2012-2013,pH 7.8,ambient,2012_t4_c25,2,2012-10-03,63,0.0274
2012-2013,pH 7.8,ambient,2012_t4_c26,0,2012-08-01,0,0.0197
2012-2013,pH 7.8,ambient,2012_t4_c26,1,2012-08-29,28,0.0273
2012-2013,pH 7.8,ambient,2012_t4_c26,2,2012-10-13,73,0.0291
2012-2013,pH 7.8,ambient,2012_t4_c27,0,2012-08-01,0,0.0239
2012-2013,pH 7.8,ambient,2012_t4_c27,1,2012-08-17,16,0.0442
2012-2013,pH 7.8,ambient,2012_t4_c27,2,2012-09-20,50,0.0546
2012-2013,pH 7.8,ambient,2012_t4_c27,3,2012-11-25,116,0.0423
2012-2013,pH 7.8,ambient,2012_t4_c28,0,2012-08-01,0,0.0182
2012-2013,pH 7.8,ambient,2012_t4_c28,1,2012-08-22,21,0.0302
2012-2013,pH 7.8,ambient,2012_t4_c28,2,2012-10-06,66,0.0271
2012-2013,pH 7.8,ambient,2012_t4_c29,0,2012-08-01,0,0.025
2012-2013,pH 7.8,ambient,2012_t4_c29,1,2012-08-15,14,0.0455
2012-2013,pH 7.8,ambient,2012_t4_c29,2,2012-09-20,50,0.057
2012-2013,pH 7.8,ambient,2012_t4_c30,0,2012-08-01,0,0.017
2012-2013,pH 7.8,ambient,2012_t4_c30,1,2012-09-03,33,0.0233
2012-2013,pH 7.8,ambient,2012_t4_c30,2,2012-11-20,111,0.0198
2024-2025,ambient,+3C,2024_t2_c04,0,2024-08-20,0,0.0044
2024-2025,ambient,+3C,2024_t2_c04,1,2024-09-16,27,0.0108
2024-2025,ambient,+3C,2024_t2_c04,2,2024-10-09,50,0.0125
2024-2025,ambient,+3C,2024_t2_c04,3,2024-11-06,78,0.0268
2024-2025,ambient,+3C,2024_t2_c05,0,2024-08-20,0,0.0082
2024-2025,ambient,+3C,2024_t2_c05,1,2024-10-04,45,0.0196
2024-2025,ambient,+3C,2024_t2_c05,2,2024-11-02,74,0.0266
2024-2025,ambient,+3C,2024_t2_c05,3,2024-12-29,131,0.0386
2024-2025,ambient,+3C,2024_t2_c05,4,2025-02-27,191,0.0525
2024-2025,ambient,+3C,2024_t2_c05,5,2025-05-01,254,0.0743
2024-2025,ambient,+3C,2024_t2_c06,0,2024-08-20,0,0.0116
2024-2025,ambient,+3C,2024_t2_c06,1,2024-09-29,40,0.0256
2024-2025,ambient,+3C,2024_t2_c06,2,2024-11-13,85,0.0293
2024-2025,ambient,+3C,2024_t2_c07,0,2024-08-20,0,0.0129
2024-2025,ambient,+3C,2024_t2_c07,1,2024-08-27,7,0.0243
2024-2025,ambient,+3C,2024_t2_c07,2,2024-09-22,33,0.0286
2024-2025,ambient,+3C,2024_t2_c07,3,2024-10-29,70,0.0347
2024-2025,ambient,+3C,2024_t2_c07,4,2025-01-03,136,0.053
2024-2025,ambient,+3C,2024_t2_c08,0,2024-08-21,1,0.0055
2024-2025,ambient,+3C,2024_t2_c08,1,2024-09-23,34,0.0077
2024-2025,ambient,+3C,2024_t2_c08,2,2024-10-28,69,0.0181
2024-2025,ambient,+3C,2024_t2_c08,3,2024-12-04,106,0.0212
2024-2025,ambient,+3C,2024_t2_c08,4,2025-01-29,162,0.0282
2024-2025,ambient,+3C,2024_t2_c08,5,2025-03-26,218,0.0371
2024-2025,ambient,+3C,2024_t2_c08,6,2025-05-21,274,0.0518
2024-2025,ambient,+3C,2024_t2_c09,0,2024-08-21,1,0.008
2024-2025,ambient,+3C,2024_t2_c09,1,2024-09-09,20,0.0112
2024-2025,ambient,+3C,2024_t2_c09,2,2024-10-09,50,0.011
2024-2025,ambient,+3C,2024_t2_c09,3,2024-11-13,85,0.0252
2024-2025,ambient,+3C,2024_t2_c09,4,2025-01-08,141,0.03
2024-2025,ambient,+3C,2024_t2_c09,6,2025-04-14,237,0.0579
2024-2025,ambient,+3C,2024_t2_c10,0,2024-08-21,1,0.0041
2024-2025,ambient,+3C,2024_t2_c10,1,2024-09-09,20,0.0067
2024-2025,ambient,+3C,2024_t2_c10,2,2024-09-30,41,0.0117
2024-2025,ambient,+3C,2024_t2_c10,3,2024-10-25,66,0.0178
2024-2025,ambient,+3C,2024_t2_c10,4,2024-11-26,98,0.0277
2024-2025,ambient,+3C,2024_t2_c10,5,2025-02-03,167,0.0334
2024-2025,ambient,+3C,2024_t2_c11,0,2024-08-21,1,0.0077
2024-2025,ambient,+3C,2024_t2_c11,1,2024-09-11,22,0.028
2024-2025,ambient,+3C,2024_t2_c11,2,2024-10-04,45,0.0163
2024-2025,ambient,+3C,2024_t2_c11,3,2024-11-04,76,0.0222
2024-2025,ambient,+3C,2024_t2_c11,4,2024-12-15,117,0.034
2024-2025,ambient,+3C,2024_t2_c11,5,2025-01-24,157,0.0496
2024-2025,ambient,+3C,2024_t2_c11,6,2025-04-18,241,0.0738
2024-2025,ambient,+3C,2024_t2_c20,0,2024-08-22,2,0.004
2024-2025,ambient,+3C,2024_t2_c20,1,2024-09-11,22,0.0044
2024-2025,ambient,+3C,2024_t2_c20,2,2024-10-15,56,0.0083
2024-2025,ambient,+3C,2024_t2_c20,3,2024-11-29,101,0.009
2024-2025,ambient,+3C,2024_t2_c21,0,2024-08-22,2,0.0157
2024-2025,ambient,+3C,2024_t2_c21,1,2024-08-23,3,0.0295
2024-2025,ambient,+3C,2024_t2_c21,2,2024-09-29,40,0.0321
2024-2025,ambient,+3C,2024_t2_c21,3,2024-11-09,81,0.0355
2024-2025,ambient,+3C,2024_t2_c21,4,2024-12-31,133,0.0381
2024-2025,ambient,+3C,2024_t2_c21,6,2025-04-27,250,0.0886
2024-2025,ambient,+3C,2024_t2_c22,0,2024-08-22,2,0.0058
2024-2025,ambient,+3C,2024_t2_c22,1,2024-09-20,31,0.0075
2024-2025,ambient,+3C,2024_t2_c22,2,2024-10-25,66,0.0098
2024-2025,ambient,+3C,2024_t2_c23,0,2024-08-23,3,0.0094
2024-2025,ambient,+3C,2024_t2_c23,1,2024-09-09,20,0.0114
2024-2025,ambient,+3C,2024_t2_c23,2,2024-10-19,60,0.0132
2024-2025,ambient,+3C,2024_t2_c24,0,2024-08-23,3,0.0097
2024-2025,ambient,+3C,2024_t2_c24,1,2024-09-03,14,0.0134
2024-2025,ambient,+3C,2024_t2_c24,2,2024-09-27,38,0.024
2024-2025,ambient,+3C,2024_t2_c24,3,2024-10-28,69,0.0271
2024-2025,ambient,+3C,2024_t2_c24,4,2024-12-19,121,0.0351
2024-2025,ambient,+3C,2024_t2_c24,5,2025-02-08,172,0.0403
2024-2025,ambient,+3C,2024_t2_c25,0,2024-08-23,3,0.0104
2024-2025,ambient,+3C,2024_t2_c25,1,2024-09-10,21,0.0128
2024-2025,ambient,+3C,2024_t2_c25,2,2024-10-11,52,0.0201
2024-2025,ambient,+3C,2024_t2_c25,3,2024-11-25,97,0.025
2024-2025,ambient,+3C,2024_t2_c25,4,2025-01-21,154,0.037
2024-2025,ambient,+3C,2024_t2_c26,0,2024-08-23,3,0.0467
2024-2025,ambient,+3C,2024_t2_c26,1,2024-09-22,33,0.0478
2024-2025,ambient,+3C,2024_t2_c26,2,2024-10-27,68,0.0742
2024-2025,ambient,+3C,2024_t2_c26,3,2024-12-16,118,0.0912
2024-2025,ambient,+3C,2024_t2_c26,4,2025-02-02,166,0.0917
2024-2025,ambient,+3C,2024_t2_c26,5,2025-03-30,222,0.1261
2024-2025,ambient,+3C,2024_t2_c26,6,2025-05-27,280,0.1828
2024-2025,ambient,ambient,2024_t7_c04,0,2024-08-20,0,0.0094
2024-2025,ambient,ambient,2024_t7_c04,1,2024-09-16,27,0.012
2024-2025,ambient,ambient,2024_t7_c04,2,2024-10-30,71,0.0794
2024-2025,ambient,ambient,2024_t7_c05,0,2024-08-20,0,0.0081
2024-2025,ambient,ambient,2024_t7_c06,0,2024-08-20,0,0.0094
2024-2025,ambient,ambient,2024_t7_c06,1,2024-09-17,28,0.0116
2024-2025,ambient,ambient,2024_t7_c06,2,2024-10-28,69,0.017
2024-2025,ambient,ambient,2024_t7_c07,0,2024-08-20,0,0.0088
2024-2025,ambient,ambient,2024_t7_c07,2,2024-11-03,75,0.01
2024-2025,ambient,ambient,2024_t7_c08,0,2024-08-21,1,0.0119
2024-2025,ambient,ambient,2024_t7_c08,1,2024-08-26,6,0.0168
2024-2025,ambient,ambient,2024_t7_c08,2,2024-10-11,52,0.02
2024-2025,ambient,ambient,2024_t7_c09,0,2024-08-21,1,0.0089
2024-2025,ambient,ambient,2024_t7_c09,1,2024-09-16,27,0.0133
2024-2025,ambient,ambient,2024_t7_c09,2,2024-10-30,71,0.0254
2024-2025,ambient,ambient,2024_t7_c10,0,2024-08-21,1,0.0098
2024-2025,ambient,ambient,2024_t7_c10,1,2024-09-02,13,0.0187
2024-2025,ambient,ambient,2024_t7_c10,2,2024-10-11,52,0.0222
2024-2025,ambient,ambient,2024_t7_c11,0,2024-08-21,1,0.0075
2024-2025,ambient,ambient,2024_t7_c11,1,2024-09-18,29,0.0096
2024-2025,ambient,ambient,2024_t7_c11,2,2024-11-14,86,0.0116
2024-2025,ambient,ambient,2024_t7_c20,0,2024-08-22,2,0.0094
2024-2025,ambient,ambient,2024_t7_c20,1,2024-09-27,38,0.0121
2024-2025,ambient,ambient,2024_t7_c21,0,2024-08-22,2,0.0119
2024-2025,ambient,ambient,2024_t7_c21,1,2024-09-04,15,0.017
2024-2025,ambient,ambient,2024_t7_c22,0,2024-08-22,2,0.0134
2024-2025,ambient,ambient,2024_t7_c22,1,2024-08-28,8,0.0218
2024-2025,ambient,ambient,2024_t7_c22,2,2024-11-01,73,0.0254
2024-2025,ambient,ambient,2024_t7_c23,0,2024-08-23,3,0.0064
2024-2025,ambient,ambient,2024_t7_c23,1,2024-09-19,30,0.0081
2024-2025,ambient,ambient,2024_t7_c23,2,2024-11-02,74,0.011
2024-2025,ambient,ambient,2024_t7_c23,3,2024-11-18,90,0.0125
2024-2025,ambient,ambient,2024_t7_c24,0,2024-08-23,3,0.0091
2024-2025,ambient,ambient,2024_t7_c24,1,2024-09-17,28,0.0101
2024-2025,ambient,ambient,2024_t7_c24,2,2024-11-01,73,0.0125
2024-2025,ambient,ambient,2024_t7_c25,0,2024-08-23,3,0.0148
2024-2025,ambient,ambient,2024_t7_c25,1,2024-10-22,63,0.0236
2024-2025,ambient,ambient,2024_t7_c26,0,2024-08-23,3,0.0073
2024-2025,pH 7.55,+3C,2024_t5_c04,0,2024-08-20,0,0.0125
2024-2025,pH 7.55,+3C,2024_t5_c04,1,2024-08-27,7,0.0187
2024-2025,pH 7.55,+3C,2024_t5_c04,2,2024-09-27,38,0.0305
2024-2025,pH 7.55,+3C,2024_t5_c04,3,2024-10-29,70,0.0398
2024-2025,pH 7.55,+3C,2024_t5_c04,4,2024-12-16,118,0.0325
2024-2025,pH 7.55,+3C,2024_t5_c05,0,2024-08-20,0,0.0111
2024-2025,pH 7.55,+3C,2024_t5_c05,1,2024-09-20,31,0.0274
2024-2025,pH 7.55,+3C,2024_t5_c05,2,2024-10-20,61,0.036
2024-2025,pH 7.55,+3C,2024_t5_c05,3,2024-12-02,104,0.0481
2024-2025,pH 7.55,+3C,2024_t5_c06,0,2024-08-20,0,0.0106
2024-2025,pH 7.55,+3C,2024_t5_c06,1,2024-09-03,14,0.0179
2024-2025,pH 7.55,+3C,2024_t5_c06,2,2024-09-27,38,0.0248
2024-2025,pH 7.55,+3C,2024_t5_c06,3,2024-10-21,62,0.0314
2024-2025,pH 7.55,+3C,2024_t5_c06,4,2024-11-26,98,0.0388
2024-2025,pH 7.55,+3C,2024_t5_c06,5,2025-01-26,159,0.0581
2024-2025,pH 7.55,+3C,2024_t5_c06,6,2025-04-03,226,0.0591
2024-2025,pH 7.55,+3C,2024_t5_c07,0,2024-08-20,0,0.0119
2024-2025,pH 7.55,+3C,2024_t5_c07,1,2024-08-23,3,0.0221
2024-2025,pH 7.55,+3C,2024_t5_c07,2,2024-09-25,36,0.0516
2024-2025,pH 7.55,+3C,2024_t5_c07,3,2024-11-01,73,0.0292
2024-2025,pH 7.55,+3C,2024_t5_c07,4,2024-12-22,124,0.0353
2024-2025,pH 7.55,+3C,2024_t5_c07,5,2025-02-28,192,0.0354
2024-2025,pH 7.55,+3C,2024_t5_c08,0,2024-08-21,1,0.0101
2024-2025,pH 7.55,+3C,2024_t5_c08,1,2024-09-10,21,0.0138
2024-2025,pH 7.55,+3C,2024_t5_c08,2,2024-10-12,53,0.0312
2024-2025,pH 7.55,+3C,2024_t5_c08,3,2024-11-16,88,0.019
2024-2025,pH 7.55,+3C,2024_t5_c08,4,2025-01-18,151,0.0214
2024-2025,pH 7.55,+3C,2024_t5_c08,5,2025-03-12,204,0.0269
2024-2025,pH 7.55,+3C,2024_t5_c08,6,2025-05-04,257,0.0383
2024-2025,pH 7.55,+3C,2024_t5_c09,0,2024-08-21,1,0.0081
2024-2025,pH 7.55,+3C,2024_t5_c09,1,2024-09-03,14,0.0132
2024-2025,pH 7.55,+3C,2024_t5_c09,2,2024-10-04,45,0.0142
2024-2025,pH 7.55,+3C,2024_t5_c09,3,2024-10-30,71,0.0144
2024-2025,pH 7.55,+3C,2024_t5_c09,4,2024-12-10,112,0.0322
2024-2025,pH 7.55,+3C,2024_t5_c09,5,2025-02-04,168,0.0388
2024-2025,pH 7.55,+3C,2024_t5_c10,0,2024-08-21,1,0.0089
2024-2025,pH 7.55,+3C,2024_t5_c10,1,2024-09-11,22,0.0135
2024-2025,pH 7.55,+3C,2024_t5_c10,2,2024-10-04,45,0.0194
2024-2025,pH 7.55,+3C,2024_t5_c10,3,2024-11-08,80,0.0291
2024-2025,pH 7.55,+3C,2024_t5_c11,0,2024-08-21,1,0.0118
2024-2025,pH 7.55,+3C,2024_t5_c11,1,2024-09-08,19,0.158
2024-2025,pH 7.55,+3C,2024_t5_c11,2,2024-10-04,45,0.0233
2024-2025,pH 7.55,+3C,2024_t5_c11,3,2024-11-12,84,0.0389
2024-2025,pH 7.55,+3C,2024_t5_c11,4,2025-01-21,154,0.0326
2024-2025,pH 7.55,+3C,2024_t5_c20,0,2024-08-22,2,0.0109
2024-2025,pH 7.55,+3C,2024_t5_c20,1,2024-09-03,14,0.015
2024-2025,pH 7.55,+3C,2024_t5_c20,2,2024-09-30,41,0.0205
2024-2025,pH 7.55,+3C,2024_t5_c20,3,2024-12-03,105,0.0311
2024-2025,pH 7.55,+3C,2024_t5_c20,4,2025-01-29,162,0.0404
2024-2025,pH 7.55,+3C,2024_t5_c20,5,2025-03-30,222,0.0519
2024-2025,pH 7.55,+3C,2024_t5_c20,6,2025-05-17,270,0.0687
2024-2025,pH 7.55,+3C,2024_t5_c21,0,2024-08-22,2,0.0115
2024-2025,pH 7.55,+3C,2024_t5_c21,1,2024-09-25,36,0.0296
2024-2025,pH 7.55,+3C,2024_t5_c21,2,2024-10-27,68,0.0291
2024-2025,pH 7.55,+3C,2024_t5_c21,3,2024-12-02,104,0.0352
2024-2025,pH 7.55,+3C,2024_t5_c21,4,2025-01-29,162,0.049
2024-2025,pH 7.55,+3C,2024_t5_c21,6,2025-05-19,272,0.084
2024-2025,pH 7.55,+3C,2024_t5_c22,0,2024-08-22,2,0.0107
2024-2025,pH 7.55,+3C,2024_t5_c22,1,2024-09-16,27,0.109
2024-2025,pH 7.55,+3C,2024_t5_c22,2,2024-10-15,56,0.0133
2024-2025,pH 7.55,+3C,2024_t5_c22,3,2024-11-15,87,0.02
2024-2025,pH 7.55,+3C,2024_t5_c22,4,2025-01-13,146,0.0207
2024-2025,pH 7.55,+3C,2024_t5_c22,5,2025-03-13,205,0.0267
2024-2025,pH 7.55,+3C,2024_t5_c22,6,2025-05-02,255,0.0351
2024-2025,pH 7.55,+3C,2024_t5_c23,0,2024-08-23,3,0.0073
2024-2025,pH 7.55,+3C,2024_t5_c23,1,2024-09-20,31,0.0063
2024-2025,pH 7.55,+3C,2024_t5_c23,2,2024-10-11,52,0.0156
2024-2025,pH 7.55,+3C,2024_t5_c23,3,2024-11-09,81,0.0188
2024-2025,pH 7.55,+3C,2024_t5_c23,4,2024-12-21,123,0.0173
2024-2025,pH 7.55,+3C,2024_t5_c23,5,2025-02-07,171,0.0228
2024-2025,pH 7.55,+3C,2024_t5_c23,6,2025-04-03,226,0.0302
2024-2025,pH 7.55,+3C,2024_t5_c25,0,2024-08-23,3,0.0087
2024-2025,pH 7.55,+3C,2024_t5_c25,1,2024-09-07,18,0.0108
2024-2025,pH 7.55,+3C,2024_t5_c25,2,2024-10-02,43,0.0171
2024-2025,pH 7.55,+3C,2024_t5_c25,3,2024-10-26,67,0.0179
2024-2025,pH 7.55,+3C,2024_t5_c25,4,2024-12-01,103,0.0225
2024-2025,pH 7.55,+3C,2024_t5_c25,5,2025-01-27,160,0.0252
2024-2025,pH 7.55,+3C,2024_t5_c26,0,2024-08-23,3,0.0099
2024-2025,pH 7.55,+3C,2024_t5_c26,1,2024-09-05,16,0.0164
2024-2025,pH 7.55,+3C,2024_t5_c26,2,2024-10-02,43,0.0164
2024-2025,pH 7.55,+3C,2024_t5_c26,3,2024-10-27,68,0.0277
2024-2025,pH 7.55,+3C,2024_t5_c26,4,2024-11-29,101,0.029
2024-2025,pH 7.55,+3C,2024_t5_c26,5,2025-01-24,157,0.0368
2024-2025,pH 7.55,+3C,2024_t5_c26,6,2025-03-30,222,0.0426
2024-2025,pH 7.55,ambient,2024_t1_c04,0,2024-08-20,0,0.0093
2024-2025,pH 7.55,ambient,2024_t1_c04,1,2024-09-16,27,0.0119
2024-2025,pH 7.55,ambient,2024_t1_c04,2,2024-10-24,65,0.016
2024-2025,pH 7.55,ambient,2024_t1_c04,3,2024-12-17,119,0.0265
2024-2025,pH 7.55,ambient,2024_t1_c04,4,2025-02-25,189,0.0476
2024-2025,pH 7.55,ambient,2024_t1_c04,5,2025-04-23,246,0.0683
2024-2025,pH 7.55,ambient,2024_t1_c05,0,2024-08-20,0,0.0109
2024-2025,pH 7.55,ambient,2024_t1_c05,1,2024-09-12,23,0.0111
2024-2025,pH 7.55,ambient,2024_t1_c05,2,2024-10-15,56,0.0169
2024-2025,pH 7.55,ambient,2024_t1_c05,3,2025-01-20,153,0.0238
2024-2025,pH 7.55,ambient,2024_t1_c05,4,2025-03-19,211,0.037
2024-2025,pH 7.55,ambient,2024_t1_c06,0,2024-08-20,0,0.0093
2024-2025,pH 7.55,ambient,2024_t1_c06,1,2024-09-18,29,0.013
2024-2025,pH 7.55,ambient,2024_t1_c06,2,2024-10-28,69,0.0176
2024-2025,pH 7.55,ambient,2024_t1_c06,3,2025-01-14,147,0.0332
2024-2025,pH 7.55,ambient,2024_t1_c06,5,2025-05-23,276,0.0674
2024-2025,pH 7.55,ambient,2024_t1_c07,0,2024-08-20,0,0.0112
2024-2025,pH 7.55,ambient,2024_t1_c07,1,2024-09-16,27,0.0155
2024-2025,pH 7.55,ambient,2024_t1_c07,2,2024-11-16,88,0.0157
2024-2025,pH 7.55,ambient,2024_t1_c07,3,2025-02-27,191,0.0238
2024-2025,pH 7.55,ambient,2024_t1_c07,4,2025-04-28,251,0.032
2024-2025,pH 7.55,ambient,2024_t1_c07,5,2025-05-14,267,0.0198
2024-2025,pH 7.55,ambient,2024_t1_c08,0,2024-08-21,1,0.0113
2024-2025,pH 7.55,ambient,2024_t1_c08,1,2024-09-07,18,0.0166
2024-2025,pH 7.55,ambient,2024_t1_c08,2,2024-10-22,63,0.0189
2024-2025,pH 7.55,ambient,2024_t1_c08,3,2025-01-31,164,0.0324
2024-2025,pH 7.55,ambient,2024_t1_c08,4,2025-04-07,230,0.0481
2024-2025,pH 7.55,ambient,2024_t1_c08,5,2025-06-01,285,0.0768
2024-2025,pH 7.55,ambient,2024_t1_c09,0,2024-08-21,1,0.0094
2024-2025,pH 7.55,ambient,2024_t1_c09,1,2024-09-22,33,0.0104
2024-2025,pH 7.55,ambient,2024_t1_c09,2,2024-11-30,102,0.0105
2024-2025,pH 7.55,ambient,2024_t1_c09,3,2025-02-27,191,0.0129
2024-2025,pH 7.55,ambient,2024_t1_c10,0,2024-08-21,1,0.0046
2024-2025,pH 7.55,ambient,2024_t1_c10,1,2024-10-04,45,0.0066
2024-2025,pH 7.55,ambient,2024_t1_c10,2,2024-11-21,93,0.0103
2024-2025,pH 7.55,ambient,2024_t1_c10,3,2025-01-29,162,0.0128
2024-2025,pH 7.55,ambient,2024_t1_c10,4,2025-03-29,221,0.0264
2024-2025,pH 7.55,ambient,2024_t1_c11,0,2024-08-21,1,0.0088
2024-2025,pH 7.55,ambient,2024_t1_c11,1,2024-09-05,16,0.0114
2024-2025,pH 7.55,ambient,2024_t1_c11,2,2024-10-16,57,0.0164
2024-2025,pH 7.55,ambient,2024_t1_c11,3,2025-01-18,151,0.0206
2024-2025,pH 7.55,ambient,2024_t1_c11,4,2025-03-31,223,0.0324
2024-2025,pH 7.55,ambient,2024_t1_c20,0,2024-08-22,2,0.0096
2024-2025,pH 7.55,ambient,2024_t1_c20,1,2024-09-03,14,0.017
2024-2025,pH 7.55,ambient,2024_t1_c20,2,2024-10-16,57,0.0264
2024-2025,pH 7.55,ambient,2024_t1_c20,3,2025-01-05,138,0.026
2024-2025,pH 7.55,ambient,2024_t1_c20,4,2025-03-26,218,0.0313
2024-2025,pH 7.55,ambient,2024_t1_c20,5,2025-05-21,274,0.0492
2024-2025,pH 7.55,ambient,2024_t1_c21,0,2024-08-22,2,0.0166
2024-2025,pH 7.55,ambient,2024_t1_c21,1,2024-08-26,6,0.0223
2024-2025,pH 7.55,ambient,2024_t1_c21,2,2024-10-22,63,0.0262
2024-2025,pH 7.55,ambient,2024_t1_c21,3,2025-01-26,159,0.0349
2024-2025,pH 7.55,ambient,2024_t1_c21,4,2025-04-02,225,0.0576
2024-2025,pH 7.55,ambient,2024_t1_c22,0,2024-08-22,2,0.0119
2024-2025,pH 7.55,ambient,2024_t1_c22,1,2024-09-18,29,0.014
2024-2025,pH 7.55,ambient,2024_t1_c22,2,2024-11-01,73,0.0177
2024-2025,pH 7.55,ambient,2024_t1_c22,3,2025-02-06,170,0.0252
2024-2025,pH 7.55,ambient,2024_t1_c22,4,2025-04-16,239,0.0381
2024-2025,pH 7.55,ambient,2024_t1_c22,5,2025-06-02,286,0.0571
2024-2025,pH 7.55,ambient,2024_t1_c23,0,2024-08-23,3,0.0108
2024-2025,pH 7.55,ambient,2024_t1_c23,1,2024-09-08,19,0.0152
2024-2025,pH 7.55,ambient,2024_t1_c23,2,2024-10-21,62,0.0105
2024-2025,pH 7.55,ambient,2024_t1_c23,3,2024-11-18,90,0.0137
2024-2025,pH 7.55,ambient,2024_t1_c23,4,2025-01-24,157,0.0245
2024-2025,pH 7.55,ambient,2024_t1_c23,5,2025-03-24,216,0.0363
2024-2025,pH 7.55,ambient,2024_t1_c23,6,2025-05-13,266,0.0632
2024-2025,pH 7.55,ambient,2024_t1_c24,0,2024-08-23,3,0.0089
2024-2025,pH 7.55,ambient,2024_t1_c24,1,2024-09-30,41,0.0131
2024-2025,pH 7.55,ambient,2024_t1_c24,4,2025-04-01,224,0.0393
2024-2025,pH 7.55,ambient,2024_t1_c24,5,2025-06-01,285,0.0565
2024-2025,pH 7.55,ambient,2024_t1_c25,0,2024-08-23,3,0.0125
2024-2025,pH 7.55,ambient,2024_t1_c25,1,2024-09-07,18,0.0151
2024-2025,pH 7.55,ambient,2024_t1_c25,2,2024-11-05,77,0.0172
2024-2025,pH 7.55,ambient,2024_t1_c26,0,2024-08-23,3,0.0095
2024-2025,pH 7.55,ambient,2024_t1_c26,1,2024-09-16,27,0.0106
2024-2025,pH 7.55,ambient,2024_t1_c26,2,2024-10-22,63,0.015
2024-2025,pH 7.55,ambient,2024_t1_c26,3,2025-01-12,145,0.0267
2024-2025,pH 7.55,ambient,2024_t1_c26,4,2025-03-23,215,0.0391
2024-2025,pH 7.55,ambient,2024_t1_c26,5,2025-05-15,268,0.0649
2024-2025,pH 7.65,+3C,2024_t3_c04,0,2024-08-20,0,0.0091
2024-2025,pH 7.65,+3C,2024_t3_c04,1,2024-09-03,14,0.0128
2024-2025,pH 7.65,+3C,2024_t3_c04,2,2024-10-02,43,0.011
2024-2025,pH 7.65,+3C,2024_t3_c04,3,2024-11-18,90,0.0142
2024-2025,pH 7.65,+3C,2024_t3_c04,4,2025-01-15,148,0.0203
2024-2025,pH 7.65,+3C,2024_t3_c04,5,2025-04-28,251,0.0551
2024-2025,pH 7.65,+3C,2024_t3_c04,6,2025-06-09,293,0.0638
2024-2025,pH 7.65,+3C,2024_t3_c05,0,2024-08-20,0,0.008
2024-2025,pH 7.65,+3C,2024_t3_c05,1,2024-09-11,22,0.0098
2024-2025,pH 7.65,+3C,2024_t3_c05,2,2024-10-07,48,0.0134
2024-2025,pH 7.65,+3C,2024_t3_c05,3,2024-11-09,81,0.017
2024-2025,pH 7.65,+3C,2024_t3_c05,4,2024-12-26,128,0.0268
2024-2025,pH 7.65,+3C,2024_t3_c05,5,2025-02-18,182,0.0346
2024-2025,pH 7.65,+3C,2024_t3_c05,6,2025-02-27,191,0.0333
2024-2025,pH 7.65,+3C,2024_t3_c06,0,2024-08-20,0,0.014
2024-2025,pH 7.65,+3C,2024_t3_c06,1,2024-08-27,7,0.0207
2024-2025,pH 7.65,+3C,2024_t3_c06,2,2024-09-30,41,0.0289
2024-2025,pH 7.65,+3C,2024_t3_c06,3,2024-11-10,82,0.0301
2024-2025,pH 7.65,+3C,2024_t3_c06,4,2025-01-11,144,0.0506
2024-2025,pH 7.65,+3C,2024_t3_c06,5,2025-03-15,207,0.0634
2024-2025,pH 7.65,+3C,2024_t3_c06,6,2025-05-13,266,0.0975
2024-2025,pH 7.65,+3C,2024_t3_c07,0,2024-08-20,0,0.0129
2024-2025,pH 7.65,+3C,2024_t3_c07,1,2024-08-25,5,0.0254
2024-2025,pH 7.65,+3C,2024_t3_c07,2,2024-09-29,40,0.0284
2024-2025,pH 7.65,+3C,2024_t3_c07,3,2024-11-15,87,0.0285
2024-2025,pH 7.65,+3C,2024_t3_c07,4,2025-01-30,163,0.0271
2024-2025,pH 7.65,+3C,2024_t3_c08,0,2024-08-21,1,0.0091
2024-2025,pH 7.65,+3C,2024_t3_c08,1,2024-09-05,16,0.0173
2024-2025,pH 7.65,+3C,2024_t3_c08,2,2024-11-16,88,0.0161
2024-2025,pH 7.65,+3C,2024_t3_c08,3,2025-01-10,143,0.0223
2024-2025,pH 7.65,+3C,2024_t3_c08,4,2025-03-07,199,0.0374
2024-2025,pH 7.65,+3C,2024_t3_c08,5,2025-04-29,252,0.0377
2024-2025,pH 7.65,+3C,2024_t3_c08,6,2025-06-10,294,0.0593
2024-2025,pH 7.65,+3C,2024_t3_c09,0,2024-08-21,1,0.0147
2024-2025,pH 7.65,+3C,2024_t3_c09,1,2024-08-26,6,0.0225
2024-2025,pH 7.65,+3C,2024_t3_c09,2,2024-10-02,43,0.0325
2024-2025,pH 7.65,+3C,2024_t3_c09,3,2024-11-06,78,0.0256
2024-2025,pH 7.65,+3C,2024_t3_c09,4,2024-12-27,129,0.0376
2024-2025,pH 7.65,+3C,2024_t3_c09,6,2025-04-11,234,0.0603
2024-2025,pH 7.65,+3C,2024_t3_c10,0,2024-08-21,1,0.0082
2024-2025,pH 7.65,+3C,2024_t3_c10,1,2024-09-11,22,0.0143
2024-2025,pH 7.65,+3C,2024_t3_c10,2,2024-10-18,59,0.0116
2024-2025,pH 7.65,+3C,2024_t3_c11,0,2024-08-21,1,0.0089
2024-2025,pH 7.65,+3C,2024_t3_c11,1,2024-08-26,6,0.0147
2024-2025,pH 7.65,+3C,2024_t3_c11,2,2024-09-25,36,0.0243
2024-2025,pH 7.65,+3C,2024_t3_c11,3,2024-11-02,74,0.0207
2024-2025,pH 7.65,+3C,2024_t3_c11,4,2024-12-13,115,0.0211
2024-2025,pH 7.65,+3C,2024_t3_c11,5,2025-01-29,162,0.0337
2024-2025,pH 7.65,+3C,2024_t3_c11,6,2025-03-19,211,0.0492
2024-2025,pH 7.65,+3C,2024_t3_c20,0,2024-08-22,2,0.0149
2024-2025,pH 7.65,+3C,2024_t3_c20,1,2024-08-27,7,0.0265
2024-2025,pH 7.65,+3C,2024_t3_c20,2,2024-09-25,36,0.0259
2024-2025,pH 7.65,+3C,2024_t3_c20,3,2024-11-06,78,0.0333
2024-2025,pH 7.65,+3C,2024_t3_c20,4,2025-01-08,141,0.0424
2024-2025,pH 7.65,+3C,2024_t3_c20,5,2025-03-11,203,0.0633
2024-2025,pH 7.65,+3C,2024_t3_c21,0,2024-08-22,2,0.0097
2024-2025,pH 7.65,+3C,2024_t3_c21,1,2024-09-04,15,0.0154
2024-2025,pH 7.65,+3C,2024_t3_c21,2,2024-10-07,48,0.0197
2024-2025,pH 7.65,+3C,2024_t3_c21,3,2024-11-14,86,0.0229
2024-2025,pH 7.65,+3C,2024_t3_c21,4,2025-01-05,138,0.035
2024-2025,pH 7.65,+3C,2024_t3_c21,5,2025-02-18,182,0.046
2024-2025,pH 7.65,+3C,2024_t3_c21,6,2025-04-18,241,0.0564
2024-2025,pH 7.65,+3C,2024_t3_c22,0,2024-08-22,2,0.0082
2024-2025,pH 7.65,+3C,2024_t3_c22,1,2024-08-31,11,0.0137
2024-2025,pH 7.65,+3C,2024_t3_c22,2,2024-09-27,38,0.0157
2024-2025,pH 7.65,+3C,2024_t3_c22,3,2024-10-30,71,0.0176
2024-2025,pH 7.65,+3C,2024_t3_c22,4,2024-12-13,115,0.0236
2024-2025,pH 7.65,+3C,2024_t3_c22,5,2025-03-11,203,0.0496
2024-2025,pH 7.65,+3C,2024_t3_c22,6,2025-05-07,260,0.0705
2024-2025,pH 7.65,+3C,2024_t3_c23,0,2024-08-23,3,0.0114
2024-2025,pH 7.65,+3C,2024_t3_c23,1,2024-09-01,12,0.0166
2024-2025,pH 7.65,+3C,2024_t3_c23,2,2024-10-07,48,0.0176
2024-2025,pH 7.65,+3C,2024_t3_c24,0,2024-08-23,3,0.0064
2024-2025,pH 7.65,+3C,2024_t3_c24,1,2024-09-12,23,0.0097
2024-2025,pH 7.65,+3C,2024_t3_c24,2,2024-10-18,59,0.0111
2024-2025,pH 7.65,+3C,2024_t3_c24,3,2024-11-22,94,0.0156
2024-2025,pH 7.65,+3C,2024_t3_c24,4,2025-01-20,153,0.023
2024-2025,pH 7.65,+3C,2024_t3_c24,5,2025-03-05,197,0.0306
2024-2025,pH 7.65,+3C,2024_t3_c24,6,2025-04-20,243,0.0535
2024-2025,pH 7.65,+3C,2024_t3_c25,0,2024-08-23,3,0.0151
2024-2025,pH 7.65,+3C,2024_t3_c25,1,2024-08-29,9,0.0231
2024-2025,pH 7.65,+3C,2024_t3_c25,2,2024-10-04,45,0.0229
2024-2025,pH 7.65,+3C,2024_t3_c25,3,2024-11-23,95,0.258
2024-2025,pH 7.65,+3C,2024_t3_c25,4,2025-01-20,153,0.0332
2024-2025,pH 7.65,+3C,2024_t3_c25,5,2025-03-20,212,0.0466
2024-2025,pH 7.65,+3C,2024_t3_c25,6,2025-05-04,257,0.065
2024-2025,pH 7.65,+3C,2024_t3_c26,0,2024-08-23,3,0.0131
2024-2025,pH 7.65,+3C,2024_t3_c26,1,2024-08-24,4,0.0233
2024-2025,pH 7.65,+3C,2024_t3_c26,2,2024-10-04,45,0.0257
2024-2025,pH 7.65,+3C,2024_t3_c26,3,2024-11-25,97,0.0222
2024-2025,pH 7.65,ambient,2024_t4_c04,0,2024-08-20,0,0.0086
2024-2025,pH 7.65,ambient,2024_t4_c04,1,2024-09-16,27,0.0108
2024-2025,pH 7.65,ambient,2024_t4_c04,2,2024-11-12,84,0.0334
2024-2025,pH 7.65,ambient,2024_t4_c04,3,2025-02-15,179,0.0167
2024-2025,pH 7.65,ambient,2024_t4_c05,0,2024-08-20,0,0.0117
2024-2025,pH 7.65,ambient,2024_t4_c05,1,2024-09-01,12,0.0147
2024-2025,pH 7.65,ambient,2024_t4_c05,2,2024-10-24,65,0.0199
2024-2025,pH 7.65,ambient,2024_t4_c05,3,2025-01-23,156,0.03
2024-2025,pH 7.65,ambient,2024_t4_c05,5,2025-06-10,294,0.0571
2024-2025,pH 7.65,ambient,2024_t4_c06,0,2024-08-21,1,0.0099
2024-2025,pH 7.65,ambient,2024_t4_c06,1,2024-09-18,29,0.0136
2024-2025,pH 7.65,ambient,2024_t4_c06,2,2024-11-09,81,0.0168
2024-2025,pH 7.65,ambient,2024_t4_c06,3,2025-03-23,215,0.0196
2024-2025,pH 7.65,ambient,2024_t4_c07,0,2024-08-20,0,0.0089
2024-2025,pH 7.65,ambient,2024_t4_c07,1,2024-09-04,15,0.0126
2024-2025,pH 7.65,ambient,2024_t4_c07,2,2024-10-09,50,0.0153
2024-2025,pH 7.65,ambient,2024_t4_c07,3,2024-11-30,102,0.0251
2024-2025,pH 7.65,ambient,2024_t4_c07,4,2025-02-18,182,0.0364
2024-2025,pH 7.65,ambient,2024_t4_c08,0,2024-08-20,0,0.0047
2024-2025,pH 7.65,ambient,2024_t4_c08,1,2024-08-26,6,0.0072
2024-2025,pH 7.65,ambient,2024_t4_c08,2,2024-10-04,45,0.0097
2024-2025,pH 7.65,ambient,2024_t4_c08,3,2024-12-01,103,0.0105
2024-2025,pH 7.65,ambient,2024_t4_c09,0,2024-08-21,1,0.0109
2024-2025,pH 7.65,ambient,2024_t4_c09,1,2024-09-02,13,0.0171
2024-2025,pH 7.65,ambient,2024_t4_c09,2,2024-11-09,81,0.0183
2024-2025,pH 7.65,ambient,2024_t4_c10,0,2024-08-21,1,0.0054
2024-2025,pH 7.65,ambient,2024_t4_c10,1,2024-08-31,11,0.0081
2024-2025,pH 7.65,ambient,2024_t4_c10,2,2024-10-15,56,0.0085
2024-2025,pH 7.65,ambient,2024_t4_c10,3,2025-02-04,168,0.0095
2024-2025,pH 7.65,ambient,2024_t4_c11,0,2024-08-21,1,0.0045
2024-2025,pH 7.65,ambient,2024_t4_c11,1,2024-08-29,9,0.0071
2024-2025,pH 7.65,ambient,2024_t4_c11,2,2024-10-11,52,0.008
2024-2025,pH 7.65,ambient,2024_t4_c20,0,2024-08-22,2,0.004
2024-2025,pH 7.65,ambient,2024_t4_c20,1,2024-08-28,8,0.0053
2024-2025,pH 7.65,ambient,2024_t4_c20,2,2024-10-04,45,0.006
2024-2025,pH 7.65,ambient,2024_t4_c21,0,2024-08-22,2,0.0065
2024-2025,pH 7.65,ambient,2024_t4_c21,1,2024-09-16,27,0.0095
2024-2025,pH 7.65,ambient,2024_t4_c21,2,2024-10-22,63,0.011
2024-2025,pH 7.65,ambient,2024_t4_c21,3,2025-01-19,152,0.0192
2024-2025,pH 7.65,ambient,2024_t4_c21,4,2025-04-22,245,0.0273
2024-2025,pH 7.65,ambient,2024_t4_c22,0,2024-08-22,2,0.0062
2024-2025,pH 7.65,ambient,2024_t4_c22,1,2024-09-18,29,0.0105
2024-2025,pH 7.65,ambient,2024_t4_c22,2,2024-10-24,65,0.0106
2024-2025,pH 7.65,ambient,2024_t4_c22,3,2025-01-22,155,0.0187
2024-2025,pH 7.65,ambient,2024_t4_c22,4,2025-04-04,227,0.0271
2024-2025,pH 7.65,ambient,2024_t4_c23,0,2024-08-23,3,0.0108
2024-2025,pH 7.65,ambient,2024_t4_c23,1,2024-09-09,20,0.0157
2024-2025,pH 7.65,ambient,2024_t4_c23,2,2024-10-20,61,0.0218
2024-2025,pH 7.65,ambient,2024_t4_c23,3,2025-02-13,177,0.0272
2024-2025,pH 7.65,ambient,2024_t4_c24,0,2024-08-23,3,0.0097
2024-2025,pH 7.65,ambient,2024_t4_c24,1,2024-09-27,38,0.0138
2024-2025,pH 7.65,ambient,2024_t4_c24,2,2024-11-17,89,0.015
2024-2025,pH 7.65,ambient,2024_t4_c24,3,2025-02-24,188,0.0215
2024-2025,pH 7.65,ambient,2024_t4_c24,4,2025-05-13,266,0.0318
2024-2025,pH 7.65,ambient,2024_t4_c25,0,2024-08-23,3,0.0069
2024-2025,pH 7.65,ambient,2024_t4_c25,1,2024-09-18,29,0.0103
2024-2025,pH 7.65,ambient,2024_t4_c25,2,2024-11-01,73,0.0131
2024-2025,pH 7.65,ambient,2024_t4_c25,3,2025-03-02,194,0.015
2024-2025,pH 7.65,ambient,2024_t4_c25,4,2025-05-23,276,0.0226
2024-2025,pH 7.65,ambient,2024_t4_c26,0,2024-08-23,3,0.0127
2024-2025,pH 7.65,ambient,2024_t4_c26,1,2024-08-27,7,0.0217
2024-2025,pH 7.65,ambient,2024_t4_c26,2,2024-11-12,84,0.0182
2024-2025,pH 7.65,ambient,2024_t4_c26,3,2025-02-24,188,0.0226
2024-2025,pH 7.65,ambient,2024_t4_c26,4,2025-05-13,266,0.0348
2024-2025,pH 7.85,+3C,2024_t6_c04,0,2024-08-20,0,0.004
2024-2025,pH 7.85,+3C,2024_t6_c04,1,2024-08-28,8,0.0066
2024-2025,pH 7.85,+3C,2024_t6_c04,2,2024-09-27,38,0.0065
2024-2025,pH 7.85,+3C,2024_t6_c04,3,2024-11-23,95,0.0076
2024-2025,pH 7.85,+3C,2024_t6_c04,4,2025-01-12,145,0.0113
2024-2025,pH 7.85,+3C,2024_t6_c04,5,2025-03-01,193,0.015
2024-2025,pH 7.85,+3C,2024_t6_c05,0,2024-08-20,0,0.0108
2024-2025,pH 7.85,+3C,2024_t6_c05,1,2024-09-09,20,0.0185
2024-2025,pH 7.85,+3C,2024_t6_c05,2,2024-10-07,48,0.0205
2024-2025,pH 7.85,+3C,2024_t6_c05,3,2025-01-06,139,0.039
2024-2025,pH 7.85,+3C,2024_t6_c05,4,2025-02-27,191,0.0542
2024-2025,pH 7.85,+3C,2024_t6_c05,6,2025-06-06,290,0.1044
2024-2025,pH 7.85,+3C,2024_t6_c06,0,2024-08-20,0,0.0132
2024-2025,pH 7.85,+3C,2024_t6_c06,1,2024-08-27,7,0.0165
2024-2025,pH 7.85,+3C,2024_t6_c06,2,2024-10-11,52,0.0229
2024-2025,pH 7.85,+3C,2024_t6_c06,3,2024-11-10,82,0.0229
2024-2025,pH 7.85,+3C,2024_t6_c06,4,2024-11-21,93,0.0251
2024-2025,pH 7.85,+3C,2024_t6_c06,5,2025-02-02,166,0.0303
2024-2025,pH 7.85,+3C,2024_t6_c06,6,2025-04-13,236,0.0352
2024-2025,pH 7.85,+3C,2024_t6_c07,0,2024-08-20,0,0.0091
2024-2025,pH 7.85,+3C,2024_t6_c07,2,2024-10-11,52,0.0207
2024-2025,pH 7.85,+3C,2024_t6_c07,3,2024-11-18,90,0.0192
2024-2025,pH 7.85,+3C,2024_t6_c07,4,2025-01-05,138,0.0299
2024-2025,pH 7.85,+3C,2024_t6_c07,5,2025-03-01,193,0.0376
2024-2025,pH 7.85,+3C,2024_t6_c07,6,2025-04-21,244,0.0577
2024-2025,pH 7.85,+3C,2024_t6_c08,0,2024-08-21,1,0.0103
2024-2025,pH 7.85,+3C,2024_t6_c08,1,2024-09-10,21,0.0125
2024-2025,pH 7.85,+3C,2024_t6_c08,2,2024-10-04,45,0.0166
2024-2025,pH 7.85,+3C,2024_t6_c08,3,2024-11-08,80,0.0214
2024-2025,pH 7.85,+3C,2024_t6_c08,4,2025-01-21,154,0.0288
2024-2025,pH 7.85,+3C,2024_t6_c08,5,2025-03-15,207,0.029
2024-2025,pH 7.85,+3C,2024_t6_c08,6,2025-05-03,256,0.0467
2024-2025,pH 7.85,+3C,2024_t6_c09,0,2024-08-21,1,0.0099
2024-2025,pH 7.85,+3C,2024_t6_c09,1,2024-09-09,20,0.013
2024-2025,pH 7.85,+3C,2024_t6_c09,2,2024-10-07,48,0.0163
2024-2025,pH 7.85,+3C,2024_t6_c09,3,2024-11-10,82,0.013
2024-2025,pH 7.85,+3C,2024_t6_c09,4,2025-01-02,135,0.0303
2024-2025,pH 7.85,+3C,2024_t6_c09,5,2025-02-27,191,0.032
2024-2025,pH 7.85,+3C,2024_t6_c09,6,2025-04-22,245,0.05
2024-2025,pH 7.85,+3C,2024_t6_c10,0,2024-08-21,1,0.0071
2024-2025,pH 7.85,+3C,2024_t6_c10,1,2024-09-16,27,0.0113
2024-2025,pH 7.85,+3C,2024_t6_c10,2,2024-10-11,52,0.0156
2024-2025,pH 7.85,+3C,2024_t6_c10,3,2024-11-06,78,0.022
2024-2025,pH 7.85,+3C,2024_t6_c10,4,2024-12-16,118,0.0395
2024-2025,pH 7.85,+3C,2024_t6_c10,5,2025-02-12,176,0.0461
2024-2025,pH 7.85,+3C,2024_t6_c10,6,2025-04-16,239,0.0546
2024-2025,pH 7.85,+3C,2024_t6_c11,0,2024-08-21,1,0.0125
2024-2025,pH 7.85,+3C,2024_t6_c11,1,2024-08-27,7,0.0172
2024-2025,pH 7.85,+3C,2024_t6_c11,2,2024-10-02,43,0.0261
2024-2025,pH 7.85,+3C,2024_t6_c11,3,2024-11-13,85,0.0145
2024-2025,pH 7.85,+3C,2024_t6_c11,4,2025-01-12,145,0.0356
2024-2025,pH 7.85,+3C,2024_t6_c11,5,2025-03-19,211,0.0443
2024-2025,pH 7.85,+3C,2024_t6_c20,0,2024-08-22,2,0.0081
2024-2025,pH 7.85,+3C,2024_t6_c20,1,2024-09-25,36,0.0132
2024-2025,pH 7.85,+3C,2024_t6_c20,2,2024-11-01,73,0.0113
2024-2025,pH 7.85,+3C,2024_t6_c20,3,2025-01-09,142,0.0165
2024-2025,pH 7.85,+3C,2024_t6_c20,4,2025-03-16,208,0.0189
2024-2025,pH 7.85,+3C,2024_t6_c20,5,2025-04-27,250,0.0353
2024-2025,pH 7.85,+3C,2024_t6_c20,6,2025-06-12,296,0.036
2024-2025,pH 7.85,+3C,2024_t6_c21,0,2024-08-22,2,0.0057
2024-2025,pH 7.85,+3C,2024_t6_c21,1,2024-09-16,27,0.007
2024-2025,pH 7.85,+3C,2024_t6_c21,2,2024-10-11,52,0.0104
2024-2025,pH 7.85,+3C,2024_t6_c21,3,2024-11-07,79,0.0152
2024-2025,pH 7.85,+3C,2024_t6_c21,4,2025-01-06,139,0.0226
2024-2025,pH 7.85,+3C,2024_t6_c21,5,2025-02-24,188,0.0279
2024-2025,pH 7.85,+3C,2024_t6_c21,6,2025-04-27,250,0.0427
2024-2025,pH 7.85,+3C,2024_t6_c22,0,2024-08-22,2,0.0113
2024-2025,pH 7.85,+3C,2024_t6_c22,1,2024-09-22,33,0.013
2024-2025,pH 7.85,+3C,2024_t6_c22,2,2024-10-22,63,0.0148
2024-2025,pH 7.85,+3C,2024_t6_c22,3,2024-11-30,102,0.0192
2024-2025,pH 7.85,+3C,2024_t6_c22,4,2025-01-16,149,0.0266
2024-2025,pH 7.85,+3C,2024_t6_c23,0,2024-08-23,3,0.0101
2024-2025,pH 7.85,+3C,2024_t6_c23,1,2024-09-06,17,0.0124
2024-2025,pH 7.85,+3C,2024_t6_c23,2,2024-10-11,52,0.0155
2024-2025,pH 7.85,+3C,2024_t6_c23,3,2024-11-18,90,0.0208
2024-2025,pH 7.85,+3C,2024_t6_c23,4,2025-01-22,155,0.0311
2024-2025,pH 7.85,+3C,2024_t6_c23,5,2025-03-26,218,0.0389
2024-2025,pH 7.85,+3C,2024_t6_c23,6,2025-05-14,267,0.062
2024-2025,pH 7.85,+3C,2024_t6_c24,0,2024-08-23,3,0.0074
2024-2025,pH 7.85,+3C,2024_t6_c24,1,2024-09-16,27,0.009
2024-2025,pH 7.85,+3C,2024_t6_c24,2,2024-10-22,63,0.0103
2024-2025,pH 7.85,+3C,2024_t6_c24,3,2024-12-05,107,0.013
2024-2025,pH 7.85,+3C,2024_t6_c24,4,2025-01-26,159,0.0188
2024-2025,pH 7.85,+3C,2024_t6_c24,5,2025-04-04,227,0.025
2024-2025,pH 7.85,+3C,2024_t6_c24,6,2025-05-27,280,0.0317
2024-2025,pH 7.85,+3C,2024_t6_c25,0,2024-08-23,3,0.01
2024-2025,pH 7.85,+3C,2024_t6_c25,1,2024-09-16,27,0.0103
2024-2025,pH 7.85,+3C,2024_t6_c25,2,2024-10-15,56,0.0187
2024-2025,pH 7.85,+3C,2024_t6_c25,3,2024-11-18,90,0.0218
2024-2025,pH 7.85,+3C,2024_t6_c25,4,2025-01-12,145,0.0286
2024-2025,pH 7.85,+3C,2024_t6_c25,5,2025-03-11,203,0.0353
2024-2025,pH 7.85,+3C,2024_t6_c26,0,2024-08-23,3,0.0075
2024-2025,pH 7.85,+3C,2024_t6_c26,2,2024-09-16,27,0.0107
2024-2025,pH 7.85,+3C,2024_t6_c26,3,2024-10-15,56,0.0163
2024-2025,pH 7.85,+3C,2024_t6_c26,4,2024-11-18,90,0.0192
2024-2025,pH 7.85,+3C,2024_t6_c26,5,2025-01-11,144,0.0276
2024-2025,pH 7.85,+3C,2024_t6_c26,6,2025-03-10,202,0.0328
2024-2025,pH 7.85,ambient,2024_t8_c04,0,2024-08-20,0,0.0086
2024-2025,pH 7.85,ambient,2024_t8_c04,1,2024-09-03,14,0.0138
2024-2025,pH 7.85,ambient,2024_t8_c04,2,2024-10-28,69,0.015
2024-2025,pH 7.85,ambient,2024_t8_c04,3,2025-01-27,160,0.0218
2024-2025,pH 7.85,ambient,2024_t8_c04,4,2025-04-04,227,0.0315
2024-2025,pH 7.85,ambient,2024_t8_c04,5,2025-05-30,283,0.0502
2024-2025,pH 7.85,ambient,2024_t8_c05,0,2024-08-20,0,0.0076
2024-2025,pH 7.85,ambient,2024_t8_c06,0,2024-08-20,0,0.0115
2024-2025,pH 7.85,ambient,2024_t8_c06,1,2024-09-03,14,0.187
2024-2025,pH 7.85,ambient,2024_t8_c06,2,2024-10-13,54,0.0241
2024-2025,pH 7.85,ambient,2024_t8_c06,3,2025-02-11,175,0.0288
2024-2025,pH 7.85,ambient,2024_t8_c06,4,2025-05-01,254,0.0445
2024-2025,pH 7.85,ambient,2024_t8_c07,0,2024-08-20,0,0.0131
2024-2025,pH 7.85,ambient,2024_t8_c07,1,2024-09-13,24,0.0156
2024-2025,pH 7.85,ambient,2024_t8_c07,2,2024-11-15,87,0.0194
2024-2025,pH 7.85,ambient,2024_t8_c07,3,2025-03-24,216,0.0274
2024-2025,pH 7.85,ambient,2024_t8_c08,0,2024-08-21,1,0.0044
2024-2025,pH 7.85,ambient,2024_t8_c09,0,2024-08-21,1,0.0127
2024-2025,pH 7.85,ambient,2024_t8_c09,1,2024-09-05,16,0.0182
2024-2025,pH 7.85,ambient,2024_t8_c09,2,2024-10-25,66,0.0234
2024-2025,pH 7.85,ambient,2024_t8_c09,3,2025-01-26,159,0.0344
2024-2025,pH 7.85,ambient,2024_t8_c09,4,2025-04-29,252,0.0438
2024-2025,pH 7.85,ambient,2024_t8_c10,0,2024-08-21,1,0.0099
2024-2025,pH 7.85,ambient,2024_t8_c10,1,2024-09-19,30,0.0125
2024-2025,pH 7.85,ambient,2024_t8_c10,2,2025-03-10,202,0.0188
2024-2025,pH 7.85,ambient,2024_t8_c11,0,2024-08-21,1,0.0116
2024-2025,pH 7.85,ambient,2024_t8_c11,1,2024-09-29,40,0.0132
2024-2025,pH 7.85,ambient,2024_t8_c11,2,2024-11-28,100,0.0145
2024-2025,pH 7.85,ambient,2024_t8_c20,0,2024-08-22,2,0.0064
2024-2025,pH 7.85,ambient,2024_t8_c20,1,2024-10-02,43,0.0072
2024-2025,pH 7.85,ambient,2024_t8_c20,2,2024-11-25,97,0.0113
2024-2025,pH 7.85,ambient,2024_t8_c20,3,2025-01-17,150,0.0103
2024-2025,pH 7.85,ambient,2024_t8_c21,0,2024-08-22,2,0.0088
2024-2025,pH 7.85,ambient,2024_t8_c21,1,2024-09-20,31,0.0095
2024-2025,pH 7.85,ambient,2024_t8_c21,2,2024-11-11,83,0.0149
2024-2025,pH 7.85,ambient,2024_t8_c21,3,2025-02-21,185,0.0139
2024-2025,pH 7.85,ambient,2024_t8_c21,4,2025-04-29,252,0.0219
2024-2025,pH 7.85,ambient,2024_t8_c22,0,2024-08-22,2,0.0109
2024-2025,pH 7.85,ambient,2024_t8_c22,1,2024-08-26,6,0.0178
2024-2025,pH 7.85,ambient,2024_t8_c22,2,2024-10-07,48,0.0221
2024-2025,pH 7.85,ambient,2024_t8_c23,0,2024-08-23,3,0.0095
2024-2025,pH 7.85,ambient,2024_t8_c23,1,2024-09-16,27,0.0109
2024-2025,pH 7.85,ambient,2024_t8_c23,2,2025-02-19,183,0.0194
2024-2025,pH 7.85,ambient,2024_t8_c23,4,2025-06-12,296,0.0464
2024-2025,pH 7.85,ambient,2024_t8_c24,0,2024-08-23,3,0.0078
2024-2025,pH 7.85,ambient,2024_t8_c24,1,2024-09-17,28,0.0104
2024-2025,pH 7.85,ambient,2024_t8_c24,2,2024-11-10,82,0.0224
2024-2025,pH 7.85,ambient,2024_t8_c25,0,2024-08-23,3,0.0107
2024-2025,pH 7.85,ambient,2024_t8_c25,1,2024-09-09,20,0.0141
2024-2025,pH 7.85,ambient,2024_t8_c25,3,2024-11-25,97,0.0142
2024-2025,pH 7.85,ambient,2024_t8_c26,0,2024-08-23,3,0.0063
2024-2025,pH 7.85,ambient,2024_t8_c26,1,2024-09-16,27,0.0101
2024-2025,pH 7.85,ambient,2024_t8_c26,2,2024-10-30,71,0.0234
2024-2025,pH 7.85,ambient,2024_t8_c26,3,2025-01-16,149,0.0195
2024-2025,pH 7.85,ambient,2024_t8_c26,4,2025-04-03,226,0.025
2024-2025,pH 7.85,ambient,2024_t8_c26,5,2025-06-03,287,0.0381
